Site,Address
7140,172 Burwood Highway BURWOOD EAST 3151
7140,172 Burwood Highway BURWOOD EAST 3151
7140,172 Burwood Highway BURWOOD EAST 3151
7136,1434-1458 Sydney Road CAMPBELLFIELD 3061
7136,1434-1458 Sydney Road CAMPBELLFIELD 3061
7147,Shop 267  1341  Princes H/Way CHADSTONE 3148
7147,Shop 267  1341  Princes H/Way CHADSTONE 3148
7141,Cnr MarondahH/way & Blackspring Rd CHIRNSIDE PARK 3116
7141,Cnr MarondahH/way & Blackspring Rd CHIRNSIDE PARK 3116
7174,590 Sydney Road COBURG 3058
7174,590 Sydney Road COBURG 3058
7130,Cnr Bacchus Marsh & Purnell Roads CORIO 3215
7130,Cnr Bacchus Marsh & Purnell Roads CORIO 3215
7144,High Street CRANBOURNE 3977
7144,High Street CRANBOURNE 3977
7168,200 Mt Dandenong Road CROYDON 3136
7168,200 Mt Dandenong Road CROYDON 3136
7196,61-65 Cheltenham Road DANDENONG 3174
7196,61-65 Cheltenham Road DANDENONG 3174
7152,Brimbank Plaza Station Road DEER PARK 3020
7152,Brimbank Plaza Station Road DEER PARK 3020
7241,Cnr Mt Derrimut & Foleys Road DEER PARK 3020
7220,187 High Street DONCASTER 3108
7220,187 High Street DONCASTER 3108
7153,983 Doncaster Road DONCASTER 3108
7153,983 Doncaster Road DONCASTER 3108
7167,Doncaster Rd Near Tower St DONCASTER 3108
7167,Doncaster Rd Near Tower St DONCASTER 3108
7155,Warrandyte & Bentley Roads RINGWOOD 3134
7155,Warrandyte & Bentley Roads RINGWOOD 3134
7187,650 Main Rd ELTHAM 3095
7187,650 Main Rd ELTHAM 3095
7169,Cnr High & Cooper Streets EPPING 3076
7169,Cnr High & Cooper Streets EPPING 3076
7142,Cnr. Canterbury & Mahoneys Rds. FOREST HILL 3131
7142,Cnr. Canterbury & Mahoneys Rds. FOREST HILL 3131
7242,"Fountain Gate Shopping Centre, Overland Drive NARRE WARREN 3805"
7163,Cnr. Fletcher & Dandenong Rds. FRANKSTON 3200
7163,Cnr. Fletcher & Dandenong Rds. FRANKSTON 3200
7163,Cnr Fletcher & Dandenong Roads FRANKSTON 3199
7131,Hailes St GREENSBOROUGH 3088
7131,Hailes St GREENSBOROUGH 3088
7156,1236  Toorak Road HARTWELL 3125
7156,1236  Toorak Road HARTWELL 3125
7188,187 Riversdale Rd HAWTHORN 3122
7188,187 Riversdale Rd HAWTHORN 3122
7178,248 Sturt Street MELBOURNE SOUTH 3205
7178,248 Sturt Street MELBOURNE SOUTH 3205
7150,Cnr Delville & Darlot Streets HORSHAM 3400
7150,Cnr Delville & Darlot Streets HORSHAM 3400
7135,"Taylors Rd, Keilor Downs S/Centre KEILOR DOWNS 3038"
7135,"Taylors Rd, Keilor Downs S/Centre KEILOR DOWNS 3038"
7189,245 Cotham Rd KEW 3101
7189,245 Cotham Rd KEW 3101
7137,Cnr. Cheltenham Rd. & Kingsclere Av. KEYSBOROUGH 3173
7137,Cnr. Cheltenham Rd. & Kingsclere Av. KEYSBOROUGH 3173
7177,425 Burwood Highway WANTIRNA SOUTH 3153
7177,425 Burwood Highway WANTIRNA SOUTH 3153
7161,High Street MELTON 3337
7161,High Street MELTON 3337
7162,Cnr Lime & Pines Avenues MILDURA 3500
7162,Cnr Lime & Pines Avenues MILDURA 3500
7190,260 Stephensons Rd MT WAVERLEY 3149
7190,260 Stephensons Rd MT WAVERLEY 3149
7145,Separation Street NORTHCOTE 3070
7145,Separation Street NORTHCOTE 3070
7138,2 Murray Road PRESTON 3072
7138,2 Murray Road PRESTON 3072
7199,5 Main Street POINT COOK 3030
7199,5 Main Street POINT COOK 3030
7191,152 Lower Plenty Rd ROSANNA 3084
7191,152 Lower Plenty Rd ROSANNA 3084
7166,Cnr. Boneo & McCombe Roads ROSEBUD 3940
7166,Cnr. Boneo & McCombe Roads ROSEBUD 3940
7143,Cnr Stud & Fulham Roads ROWVILLE 3178
7143,Cnr Stud & Fulham Roads ROWVILLE 3178
7157,32 Vaughan Street SHEPPARTON 3630
7157,32 Vaughan Street SHEPPARTON 3630
7133,248  Sturt Street SOUTH MELBOURNE 3205
7133,248  Sturt Street SOUTH MELBOURNE 3205
7133,248  Sturt Street SOUTH MELBOURNE 3205
7182,455 McDonalds Road SOUTH MORANG 3752
7182,455 McDonalds Road SOUTH MORANG 3752
7170,Cnr Bay Rd & Nepean H/Way SOUTHLAND CENTRE 3192
7170,Cnr Bay Rd & Nepean H/Way SOUTHLAND CENTRE 3192
7192,Crn Station Road & Main Road West ST ALBANS 3021
7192,Crn Station Road & Main Road West ST ALBANS 3021
7172,2/24 Evans St Sunbury 3429
7172,2/24 Evans St Sunbury 3429
7159,Cnr Ballarat & Harvester Roads SUNSHINE 3020
7159,Cnr Ballarat & Harvester Roads SUNSHINE 3020
7160,Melton HighWay  Watergarden Shop Centre SYDENHAM 3038
7160,Melton HighWay  Watergarden Shop Centre SYDENHAM 3038
7179,89 Porter Street TEMPLESTOWE 3106
7179,89 Porter Street TEMPLESTOWE 3106
7146,Cnr Grey & Franklin Street TRARALGON 3844
7146,Cnr Grey & Franklin Street TRARALGON 3844
7180,175-183 Mickleham Road TULLAMARINE 3043
7180,175-183 Mickleham Road TULLAMARINE 3043
7175,Cnr Victoria & Burnley Streets RICHMOND 3121
7175,Cnr Victoria & Burnley Streets RICHMOND 3121
7171,Hume Highway WANGARATTA 3677
7171,Hume Highway WANGARATTA 3677
7228,173 – 199 Pioneer Road (Enter off Princes Hwy) WAURN PONDS 3221
7173,Cnr. Gillies & Norman Street WENDOUREE 3355
7173,Cnr. Gillies & Norman Street WENDOUREE 3355
7132,Cnr Heath & Derrimut Roads HOPPERS CROSSING 3030
7132,Cnr Heath & Derrimut Roads HOPPERS CROSSING 3030
7195,141 Dandenong Rd WINDSOR 3181
7195,141 Dandenong Rd WINDSOR 3181
7193,602 Burwood Hwy VERMONT SOUTH 3133
2761,602 Burwood Hwy VERMONT SOUTH 3133
2728,Cnr Victoria & Burnley Streets RICHMOND 3121
2722,Hume Highway WANGARATTA 3677
2762,482 Warrandyte Rd WARRANDYTE SOUTH 3134
7194,482 Warrandyte Rd WARRANDYTE SOUTH 3134
2696,Raglan Parade WARRNAMBOOL 3280
2726,Cnr. Gillies & Norman Street WENDOUREE 3355
2676,Cnr Heath & Derrimut Roads HOPPERS CROSSING 3030
2735,137-139 Princes Highway WERRIBEE 3030
2763,141 Dandenong Rd WINDSOR 3181
122,7 - 3 Hughes Street LEONGATHA 3953
6897,780 Burwood Highway FERNTREE GULLY 3156
5763,437 Stud Road WANTIRNA SOUTH 3153
637,292 Canterbury Road BAYSWATER 3153
3755,12 Eastgate Court WANTIRNA SOUTH 3152
1056,2 Scoresby Road BAYSWATER 3153
4241,11 Eastgate Court WANTIRNA SOUTH 3152
982,2 King Street KORUMBURRA 3950
983,97 Victoria Street KORUMBURRA 3950
5750,28 A Newlands Road RESERVOIR 3073
5751,28 Newlands Road RESERVOIR 3073
6128,33-35 Moore Street ROBINVALE 3549
6129,10 Moore Street ROBINVALE 3549
6832,"1/2-4, Meriton Place CLAYTON SOUTH 3168"
7243,3/168 Fyans Street SOUTH GEELONG 3220
5501,176 Kangaroo Road OAKLEIGH 3166
834,3 McKechnie Street ST ALBANS 3021
835,275 Fitzgerald Road LAVERTON NORTH 3026
1380,218 Sussex Street COBURG 3058
4628,223 Sunshine Road TOTTENHAM 3012
1657,878 Toorak Road HAWTHORN EAST 3123
3352,147 Fenaughty Street KYABRAM 3620
6506,167 Mollison Street KYNETON 3444
6507,24 Bourke Street KYNETON 3444
6110,9 Triholm Avenue LAVERTON 3028
5877,83 Drummond Rd SHEPPARTON 3630
5877,83 Drummond Rd SHEPPARTON 3630
7088,"Factory 3, 97 - 107 Canterbury Road KILSTYH 3137"
4933,39 New Street FRANKSTON 3199
3350,52 Downing Street OAKLEIGH 3166
914,20 Murray Valley Highway LAKE BOGA 3584
5550,24 Princes Highway LAKES ENTRANCE 3909
3849,93 Newlands Road COBURG 3056
1644,1131-1139 Western Highway RAVENHALL 3023
3198,16 Ailsa Street BOX  HILL SOUTH 3128
4804,565 Doncaster Road DONCASTER 3108
4806,159-161 Islington Street COLLINGWOOD 3066
4806,159-161 Islington Street COLLINGWOOD 3066
4805,28 Firth Street DONCASTER 3108
7082,9 Dunlop Road MULGRAVE 3170
5632,2 Cambridge Street LANG LANG 3984
838,115 Cranbourne Road LANGWARRIN 3910
6932,29 Podmore Street DANDENONG 3175
3453,30 Tower Court NOBLE  PARK 3174
1400,23 Kirkdale Street BRUNSWICK EAST 3057
2639,74 Popes Road KEYSBOROUGH 3173
863,139-145 Market St SOUTH MELBOURNE 3025
1368,15 Mavis Avenue WARRAGUL 3820
1369,3/ 177 Queen Street WARRAGUL 3820
5844,20-22 Moore Road AIRPORT WEST 3042
5735,14 - 16 Eastern Road TRARALGON 3844
5736,"Lot 1, 23 Stratton Drive TRARALGON 3844"
6523,26 Railway Place PRESTON EAST 3072
6524,99 Plenty Road PRESTON 3072
4754,27 / 513-515 Maroondah Highway RINGWOOD 3134
5214,4 Mercer Place GEELONG 3220
5215,6 Mercer Street GEELONG 3220
6233,6 Williams Ave EAST KEILOR 3033
4633,5 Websters Road TEMPLESTOWE 3106
5655,770 Ballarat Road DEER PARK 3023
1421,4 Hopkins Street FOOTSCRAY 3011
1425,4 Neilson Place FOOTSCRAY 3011
1426,510 Geelong Road TOTTENHAM 3012
5049,16 Tottenham Parade FOOTSCRAY WEST 3012
5050,1/409-411 Somerville Road FOOTSCRAY WEST 3012
7037,3 Perkins Place TORQUAY 3228
3409,22 Ayton Street SUNSHINENORTH 3020
3408,Unit 10/213 Sunshine Road TOTTENHAM 3012
5178,11 Nevada Court HOPPERS CROSSING 3029
5179,Factory 1/184-190 Old Geelong Road HOPPERS CROSSING 3029
4240,21 /277 Middleborough Road BOX HILL SOUTH 3128
1423,10 Morland Street FOOTSCRAY 3011
6246,23 Townview Ave WANTIRNA SOUTH 3152
4299,385 Belmore Rd. BALWYN NORTH 3104
4300,3 Rowern Court BOX HILL NORTH 3129
4301,18 Rowern Court BOX HILL NORTH 3129
5748,18 Leo Street FAWKNER 3060
5299,2A Michael Place LEONGATHA 3953
5300,2 Larkin Lane LEONGATHA 3953
5288,49 Myers Street BENDIGO 3550
5202,99 Nepean Highway ELSTERNWICK 3185
3948,307 Williamstown Road YARRAVILLE 3013
6185,25 Anderson Street LILYDALE 3140
5673,26 Industrial Park drive LILYDALE 3140
5738,70 Cave Hill Road LILYDALE 3140
6161,639 Lima Road LIMA SOUTH 3673
4651,12 Booloora Road SPRINGVALE 3171
3505,57  Ballarat Rd MAIDSTONE 3012
5270,6 Murphy Street KERANG 3579
5380,6 Grayling Street BELMONT 3216
206,302 Wellington Street COLLINGWOOD 3066
6857,"Unit 7, 16 Rosemary Court MULGRAVE 3170"
1570,Latrobe Road MORWELL 3840
1571,75-77 Latrobe Road MORWELL 3840
4959,726 Main Street BAIRNSDALE 3875
4960,726 Main Street BAIRNSDALE 3875
6983,Unit 1/7 Heart Street DANDENONG 3175
7042,6 Aster Ave CARRUM DOWNS 3201
5413,85 Lloyd Street MOE 3825
4496,30 Heyington Crescent NOBLE  PARK 3174
4497,8 Elonera Road NOBLE  PARK 3174
6381,Unit 2 / 22 Helen Street HEIDELBERG WEST 3081
5028,"Factory 2, 18 London Drive BAYSWATER 3153"
7069,2 Beaurepaire Road LORNE 3232
4383,15  Slough Road ALTONA NORTH 3025
462,5A Laurel Street GOLDEN SQUARE 3555
2984,346-348 Old Geelong Road HOPPERS CROSSING 3029
2983,403 Old Geelong Road HOPPERS CROSSING 3029
2985,5/21-23 Graham Court HOPPERS CROSSING 3029
5543,13 Holmes Street GEELONG NORTH 3215
783,439 Moreland Road PASCOE VALE SOUTH 3044
784,4 Catherine Street COBURG NORTH 3058
3866,191 Albion St BRUNSWICK 3056
6861,62 Chelmsford Street WILLIAMSTOWN NORTH 3016
3733,39 New Street FRANKSTON 3199
1735,40 Edina Road FERNTREE GULLY 3156
5940,14 Prestige Drive CLAYTON SOUTH 3169
4939,92 Levanswell  Road MOORABBIN 3189
2817,19 Lawson Crescent THOMASTOWN 3074
4685,5/371 Old Geelong Road HOPPERS CROSSING 3029
4686,21/29 Richards Road HOPPERS CROSSING 3029
4684,26  Industrial Avenue HOPPERS CROSSING 3029
3930,12 Pickering Road MULGRAVE 3170
5850,36 King St AIRPORT WEST 3042
1938,197 St.Georges Road FITZROY NORTH 3068
6877,"69 -71, Ashley Street BRAYBROOK 3019"
949,111 Alexanders Road MORWELL 3840
5518,F10. 419-425 Old Geelong Road HOPPERS CROSSING 3029
5132,61 Old Middland Hwy MOUNT ROWAN 3352
7072,1/87 Somerset Road CAMPBELLFIELD 3061
5749,90 Albert Strret BRUNSWICK 3056
3839,20 Cope Street PRESTON 3072
1475,27 Wright St SUNSHINE 3020
6853,27 Lathams Road CARRUM DOWNS 3201
6125,"Factory 10, 4-6 Len Thomas Place NARRE WARREN 3805"
7231,59 High Street Woodside 3874
6017,493 Nepean Highway CHELSEA 3196
5277,19a Alex Avenue MOORABBIN 3189
5276,236 Jasper Road MCKINNON 3204
5982,43 Vinter Avenue CROYDON 3136
6821,2/85 Somerset Road CAMPBELLFIELD 3061
6569,Unit 3/50 Rooks Rd. NUNAWADING 3131
1333,183-185 Nicholson Street BRUNSWICK 3056
1334,36 Macaulay Road NORTH MELBOURNE 3051
1502,42 Bell Street TORQUAY 3228
5133,44 Hawker Street AIRPORT WEST 3042
6635,1620 Sydney Road CAMPBELLFIELD 3061
6636,338 Hammond Road DANDENONG 3175
6620,30 High Street SEYMOUR 3660
6194,"Unit 5, 91 Dorset Road FERNTREE GULLY 3156"
1724,4/24 Wise Avenue SEAFORD 3198
1725,14 Martha Street SEAFORD 3198
6045,5 Sale Road MAFFRA 3860
4161,171 Johnson Street MAFFRA 3860
7026,70 Cavehill Road LILYDALE 3140
3613,2/75 Main Road CLAYTON SOUTH 3169
6700,477 Dorset Road BAYSWATER 3153
6289,35 Benalla Road SHEPPARTON 3630
6387,136 Bell Street PRESTON 3072
6386,115 Bell Street HEIDELBERG HEIGHTS 3081
1612,294 Bell Street HEIDELBERG WEST 3081
3022,Maurice Avenue MALLACOOTA 3892
3023,40 Maurice Avenue MALLACOOTA 3892
3206,1316 Malvern Road MALVERN 3144
3207,1511 Malvern Road GLEN IRIS 3146
2824,38 Stanhope Street MALVERN 3144
2824,38 Stanhope Street MALVERN 3144
4478,Fact. 2/23 Simcock Street SOMMERVILLE 3912
4479,10 Industrial Drive SOMERVILLE 3912
1947,Wattle Street MANANGATANG 3546
6671,Gordon Luck Avenue ALTONA NORTH 3025
4781,107 Peel Street MELBOURNE NORTH 3051
6150,8 Manningham Road BULLEEN 3105
7012,25 Greenaway Street BULLEEN 3105
1515,46 Withers Lane MANSFIELD 3722
604,1263 Sydney Road FAWKNER 3060
5225,215 Somerton Road ROXBURGH PARK 3062
6105,41 Reservoir Drive ROXBURGH PARK 3064
7208,353 Settlement Road THOMASTOWN 3074
2463,2/1 Arnold Street CHELTENHAM 3192
2899,33 Colebrook Street BRUNSWICK 3056
1518,50 Westall Road SPRINGVALE 3171
3939,84A Keys Road MOORABBIN 3189
3940,11 Bibby Court MOORABBIN 3189
2874,343 Napier Street STRATHMORE 3041
6651,26 London Drive BAYSWATER 3153
3744,30 Eighth Street MILDURA 3500
3745,2140 Fiftenth Street IRYMPLE 3498
3746,55 Eleventh Street MILDURA 3500
1821,136 Fyans Street GEELONG SOUTH 3220
6335,4 / 37 Cameron Street CRANBOURNE 3977
480,120 High Street KEW 3101
481,305 Victoria Road THORNBURY 3071
482,116 - 118 Dundas Street THORNBURY 3071
5873,108 Market Street BALLARAT 3350
6046,6 Queen Street NEERIM SOUTH 3831
5369,155 High Street PRESTON 3072
687,44 Clifton Street PRAHRAN 3181
331,1 Bricker Street CHELTENHAM 3192
3113,18 Tooyal Street FRANKSTON 3199
3114,16 Tooyal Street FRANKSTON 3199
5664,5 Sturdee Street COBURG NORTH 3058
5665,45 Bakers Road COBURG NORTH 3058
5663,49 Dawson Street COBURG NORTH 3058
7005,52 Chenery Street MANSFIELD 3772
5325,"Factory 3, 2 Macquarie Place BORONIA 3155"
6930,64 High Street MARYBOROUGH 3465
5895,19 Martha Street SEAFORD 3198
679,497 Princes Highway MORWELL 3840
679,497 Princes Highway MORWELL 3840
679,497 Princes Highway MORWELL 3840
7008,450 Whitehorse Road MITCHAM 3132
1530,76 Main Street BRUTHEN 3885
4446,180 Numurkah Road SHEPPARTON 3630
4446,180 Numurkah Road SHEPPARTON 3630
6224,144 Strickland Rd BENDIGO 3550
2382,9 Meriton Place CLAYTON 3168
6909,1/234 Station Street NORLANE 3214
1522,508 Ryrie Street GEELONG EAST 3219
1523,19 Grandview Pde MOOLAP 3220
5579,114-126 Bell Street PRESTON 3072
6019,106 Melbourne Rd RYE 3941
960,554-556 Princess Highway BAIRNSDALE 3875
5390,"Factory 3&4, 31 Scoresby Road BAYSWATER 3153"
6158,902 Latrobe Street BALLARAT 3350
6653,21 Park Drive DANDENONG SOUTH 3175
346,17 Fortune Street RUTHERGLEN 3685
2818,21 Wellington Street KERANG 3579
3777,1 Eddie Hann Street TONGALA 3621
3778,8 - 14 Burns Road ALTONA 3018
3779,92 -96 Barwon Terrace GEELONG SOUTH 3220
3776,27-35 McDonalds Road BROOKLYN 3025
3775,92-96 Barwon Terrace GEELONG SOUTH 3220
5198,150 White Street MORDIALLOC 3195
6434,276 York Street SALE 3850
6433,114-122 York Street SALE 3850
6300,51 Murradoc Road DRYSDALE 3222
307,94 McKinnon Road MCKINNON 3204
306,106 McKinnon Road MCKINNON 3204
3789,13/4 Amayla Cresent CARRUM DOWNS 3201
1618,7983 Goulburn Valley Highway SHEPPARTON 3630
6496,18 Sullivan Street GOLDEN SQUARE 3555
3757,182 Melbourne Road WODONGA 3690
5966,3/3 Braeside Drive BRAESIDE 3195
6375,Factory 49 / 22 Dunn Cresent DANDENONG 3175
413,434 Barry Road BROADMEADOWS 3047
414,218 Mahoneys Road THOMASTOWN 3074
6828,1- 36-38 Killara Road CAMPBELLFIELD 3061
6829,1/51 Killara Road CAMPBELLFIELD 3061
5014,255 St. Georges Road NORTHCOTE 3070
4772,23 Johnson Street MAFFRA 3860
6032,4 Ely Court KEILOR EAST 3033
6550,73 A&B Osborne Avenue SPRINGVALE 3171
4420,Francis Briggs Road MELBOURNE AIRPORT 3045
6705,57 North Street RICHMOND 3121
6131,1015 South Gippsland Highway CRANBOURNE 3977
7230,2 - 4 Lever St. OAKLEIGH 3166
7230,2 - 4 Lever  OAKLEIGH 3166
6676,644 Victoria Street NORTH MELBOURNE 3051
6975,37 Brady Street SOUTH MELBOURNE 3205
6975,37 Brady Street SOUTH MELBOURNE 3205
7222,39 Bradley Street SOUTH MELBOURNE 3205
6479,559 Elizabeth Street MELBOURNE 3000
6476,621 Elizabeth Street MELBOURNE 3000
5951,81 Keys Road MOORABBIN 3189
6560,7 A Boundary Road BRAESIDE 3195
6902,16 Tichborne Place SOUTH MELBOURNE 3025
6920,168 McIntyre Road SUNSHINE NORTH 3020
2842,166 Bridge Road KEYSBOROUGH 3173
6416,648 South Road MOORABBIN 3189
6417,34 A Bignell Road MOORABBIN 3189
7095,6 Rimfire Drive HALLAM 3803
3952,161 High Street MELTON 3337
478,158-162 High Street MELTON 3337
479,143-147 High St MELTON 3337
66,136 Melville Road BRUNSWICK WEST 3055
1874,363 Nepean Highway BRIGHTON 3186
2600,29 Florence Street MENTONE 3194
6485,189 - 199 Nepean Highway MENTONE 3194
6907,8 Mair Street BALLARAT 3350
2048,152 Sturt St SOUTHBANK 3006
2053,29 Madden Grove RICHMOND 3121
2050,21 Gowrie Park Drive MELBOURNE  AIRPORT 3045
647,518 Princess Highway NARRE WARREN 3806
2047,472 Riversdale Road CAMBERWELL 3124
2051,15-27 Marwen Drive DERRIMUT 3030
2043,24-30 Hume Highway SOMERTON 3062
2049,135 Kings Way SOUTH MELBOURNE 3025
2052,698 High Street PRAHRAN 3181
2046,11 Carters Avenue TOORAK 3142
4090,27 Reo St CAMPBELLFIELD 3061
6759,84 Keys Road MOORABBIN 3189
7123,42 Stanley Street ORBOST 3888
5595,4 Newcomen Road SPRINGVALE 3171
5090,288 MacCaulay Road MELBOURNE NORTH 3051
4630,79a Sussex Street COBURG 3058
4631,126 Gaffney Street COBURG EAST 3058
4823,F1 -346 Old Geelong Road HOPPERS CROSSING 3029
4822,86 High Street MELTON 3337
862,139  Market Street SOUTH MELBOURNE 3205
4771,15 Chandos Street CHELTENHAM 3192
4381,2 / 8 Cochranes Road MOORABBIN 3189
4382,946 North Road BENTLEIGH EAST 3165
6148,32 Greenaway Street BULLEEN 3105
6733,14 MacKie Close GEELONG 3214
1493,8-12 BRUNSWICK ST FITZROY 3065
1494,133 Sackville Street COLLINGWOOD 3066
4573,44 Isabella Street MOORABBIN 3189
4572,36 Wannan Street HIGHETT 3190
742,715 Whitehorse Road BOX HILL 3128
7057,128 - 132 Whitehorse Road BLACKBURN 3130
6438,890 Burwood Highway FERNTREE GULLY 3156
5936,Shop B010 Werribee Plaza WERRIBEE 3030
6098,112 Mountain View Road GREENSBOROUGH 3088
5937,"Unit 1, 57-63 Old Geelong Road HOPPERS CROSSING 3029"
4790,160-164 Montague Street MELBOURNE SOUTH 3205
3762,21 Chickerall Street MORWELL 3840
608,319 Eaglehawk Road EAGLEHAWK 3556
1386,42 Millers Road ALTONA 3018
7209,U 10/419 - 425 Old Geelong Road HOPPERS CROSSING 3029
3875,67 Irving Street FOOTSCRAY 3011
2185,134 Creek St (north) BENDIGO 3550
4575,468 North road ORMOND 3204
1395,40-42 Roberna Street MOORABBIN 3189
5147,17 Clancy Road MOUNT EVELYN 3796
4718,75 Amberley Crescent DANDENONG 3175
4719,1 Station Street DANDENONG 3175
5972,6-12 Towong Road CORRYONG 3707
2198,733 Fifteenth Street MILDURA 3500
3895, 741 Koorlong Avenue IRYMPLE 3498
6990,1 Ninth Street MILDURA 3500
2070,293 Benetook Avenue MILDURA 3500
5989,4 Peace Avenue WARRAGUL 3820
6854,39 Baldhill Road PAKENHAM 3810
7010,3709 Murray Valley Hwy COBRAM 3644
7010,12 Terminus Street COBRAM 3644
4519,43 Radford Road RESERVOIR 3073
6374,60-64 Hemmings Street DANDENONG 3175
5461,21 Murradoc Road DRYSDALE 3222
4558,476 Whitehorse Road MITCHAM 3132
3597,363 Benetook Avenue MILDURA 3500
7213,63A St Albans Road ST ALBANS 3021
6268,54 Commercial Street MERBEIN 3505
3281,2/103 horne st CAMPBELLFIELD 3061
5141,1/3 Oban Road RINGWOOD 3134
3282,107 Bakers Road COBURG 3058
7054,74 Hunter Road DERRIMUT 3030
7225,37 McCulloch Ave SEAFORD 3198
5462,336 Portarlington Road MOOLAP 3221
6702,5/49 Bennet Street DANDENONG 3175
6703,1/42 Dingley Avenue DANDENONG SOUTH 3175
7055,2/440 Barry Road COOLAROO 3048
7055,3/32 Onslow Ave CAMPBELLFIELD 3061
7055,2/440 Barry Road COOLAROO 3048
5743,F5 13/15 Somerton Park Drive SOMERTON 3062
5744,19 Somerton Park Drive SOMERTON 3062
6369,47 Bakers Road COBURG NORTH 3058
2952,65 Meninya Street MOAMA 2731
2936,617 Victoria Street ABBOTSFORD 3067
1351,32 Raleigh Rd MARIBYRNONG 3032
4557,723-729 Waverley Road GLEN WAVERELEY 3150
1350,876  Mt Alexander Rd MOONEE PONDS 3039
6130,1015 South Gippsland Highway CRANBOURNE 3977
4556,161 Jells Road WHEELERS HILL 3150
6242,4/45 Salisbury Rd ASQUITH 2077
6751,4 / 45 Salisbury Road ASQUITH 2077
6963,22 Wise Avenue SEAFORD 3198
7073,122 - 124 Powlett Street KILMORE 3764
3920,84 Moore Street MOE 3825
6180,3 / 173 Wellington Road CLAYTON 3168
3938,877 Princes Highway SPRINGVALE 3172
3937,14-20 Sarton Road CLAYTON NORTH 3168
6585,2/42 Burlington Street OAKLEIGH 3166
6718,150 Victoria Street BRUNSWICK 3056
2589,150 Victoria Street BRUNSWICK 3056
2590,70 - 72 Major Road FAWKNER 3060
869,48 Grant Street COLAC 3249
4783,49 Main Road LOWER PLENTY 3093
4784,13 Looker Road MONTMORENCY 3094
6425,"Factory 4, 120 Canterbury Road KILSTYH 3137"
4359,900 Mt DANDENONG Rd MONTROSE 3765
6056,10 George Court GREENSBOROUGH 3088
6057,5 George Court GREENSBOROUGH 3088
3468,536-538 North Road ORMOND 3204
3469,8 Cochranes Road MOORABBIN 3189
1353,64 Bulla Road STRATHMORE 3041
4019,4 Hinkins Street MOONEE PONDS 3039
2455,59 Emerald Road UPPER BEACONSFIELD 3808
5892,1 Nellbern Road MOORABBIN 3189
5853,15 Alexandra Street MOOROOPNA 3629
2163,188 Settlement Road THOMASTOWN 3074
7053,222 Lower Dandenong Road MORDIALLOC 3195
3641,297-299 High Street NAGAMBIE 3608
3642,272-276 High Street NAGAMBIE 3608
3643,3 Industrial Crescent NAGAMBIE 3608
1759,35 Northern Highway ECHUCA 3564
1758,555 High Street ECHUCA 3564
1873,181 Mornington - Tyabb Road MORNINGTON 3931
1873,181 Mornington - Tyabb Road MORNINGTON 3931
6601,13 Virginia Street MORNINGTON 3931
7028,976 Nepean Hwy MORNINGTON 3931
2472,343 Main Street MORNINGTON 3931
2473,343 Main Street MORNINGTON 3931
5510,"Factory 1, 185 Mornington-Tyabb Road MORNINGTON 3931"
5918,36 Progress Street MORNINGTON 3931
6841,109 Mornington - Tyabb Road MORNINGTON 3931
2432,10 Bruce Street MORNINGTON 3931
6945,915 Nepean Hwy MORNINGTON 3931
6948,915 Nepean Hwy MORNINGTON 3931
721,1092 Mount Alexander Road ESSENDON 3040
3321,F2/ 4 Scoresby Road BAYSWATER 3153
3322,"Factory 6, 3 Scoresby Road BAYSWATER 3153"
7246,33 Dimboola Road HORSHAM 3400
1887,14 Windsor Road CROYDON 3136
1888,"Factory 1, 34 Coolstore road CROYDON 3136"
6896,7 Maida Avenue NORTH SUNSHINE 3020
6025,70 Cave Hill Road LILYDALE 3140
6632,Factory 14/22 Bridge Street ELTHAM 3095
6518,16/84 Camp Road BROADMEADOWS 3047
3389,107 Greens Road DANDENONG 3175
6987,37 Mornington-Tyabb Road MORNINGTON 3931
6993,151 Poath Road MURRUMBEENA 3163
6678,41 Norcal Road NUNAWADING 3131
3270,51 Station Street FERNTREE GULLY 3156
3273,40-44 Station Street FERNTREE GULLY 3156
7114,1/16 Fabio Court CAMPBELLFIELD 3061
896,841 Howitt Street WENDOUREE 3355
5418,74 New Street SPOTSWOOD 3015
6363,213 Malop Street GEELONG 3220
5296,29 A Slater Pde. KEILOR EAST 3033
3274,Factory 4- 33-39 Corporate Boulevard BAYSWATER 3153
3275,6 C Aristoc Road GLEN WAVERLEY 3150
3276,3 / 475 Maroondah Highway RINGWOOD 3134
7060,205 Nepean Hwy MENTONE 3194
7224,771-773 Nepean Highway BENTLEIGH 3204
3464,5 Lytton Street BURWOOD 3125
3465,12 Whiteside Road CLAYTON SOUTH 3169
6998,2/7 Allied Drive TULLAMARINE 3043
3840,67 Chifley Drive PRESTON 3072
3838,475 Plenty Road PRESTON 3072
3869,910 Howitt Street WENDOUREE 3355
4364,F3/108 Bell  Street PRESTON 3072
6891,1/40 Catherine Street COBURG NORTH 3058
2009,444 Maroondah Highway LILYDALE 3140
6615,2 Regent Street MOAMA 2731
4995,9 Nelse Street MT BEAUTY 3699
4996,229 Kiewa Valley Hwy TAWONGA SOUTH 3698
5289,16 Clements Avenue BUNDOORA 3083
3574,2 Eugene Terace RINGWOOD 3134
3575,26 Molan Street RINGWOOD 3134
2583,119 Melbourne Street MULWALA 2647
3081,98 Munro Avenue SUNSHINE NORTH 3020
3080,21 Munro Avenue SUNSHINE NORTH 3020
6147,25 Stevenson Street MURCHISON 3610
4026,27 Redesdale Rd KYNETON 3444
6328,3667 Murray Valley Highway COBRAM 3644
2733,397 Springvale Roard FOREST HILL 3131
5690,165A Myrtle Street MYRTLEFORD 3737
5691,46 Standish Street MYRTLEFORD 3737
7090,116 Cheltenham Road DANDENONG 3175
1977,157 Union Street BRUNSWICK WEST 3055
734,25 Youell Street FOOTSCRAY 3011
2645,Unit 2 / 485 Cooper Street CAMPBELLFIELD 3061
6934,32 Bancell Street CAMPBELLFIELD 3061
2644,299 - 305 Victoria Road THORNBURY 3071
4198,22 Attenborough Street DANDENONG 3175
4197,"Unit 14, 38-44 Dandenong Street DANDENONG 3175"
2643,475 Plenty Road PRESTON 3072
7098,19A Wayne Court DANDENONG 3175
5134,Fact. 9/189 Cheltenham Road KEYSBOROUGH 3173
5135,1 Futura Road KEYSBOROUGH 3173
6888,Unit 6/5 - 7 Vesper Drive NARRE WARREN 3805
6888,Unit 6/5 - 7 Vesper Drive NARRE WARREN 3805
7066,8/1 - 3 Webb Street NARRE WARREN 3805
6203,25 Narre Warren - Cranbourne Road NARRE WARREN 3805
6203,25 Narre Warren - Cranbourne Road NARRE WARREN 3805
6203,25 Narre Warren - Cranbourne Road NARRE WARREN 3805
6709,181A Barry Road CAMPBELLFIELD 3061
6710,54 Showers Street PRESTON 3072
6711,181 A Barry Road CAMPBELLFIELD 3061
7050,19 Parker Road NEW GISBORNE 3438
7051,"Unit 1, 3 Industrial Drive MELTON 3337"
4325,69 Stephenson St. RICHMOND 3121
3394,853 Howitt Street WENDOUREE 3355
3395,206 Burnbank Street WENDOUREE 3355
4340,4 Ebden Street MOORABBIN 3189
6280,2/19 Station Street DANDENONG 3175
671,49 Emily Street SEYMOUR 3660
3502,21  Wattle Park Avenue MOOLAP 3221
4329,4 Moller Street HUNTINGDALE 3166
7099,27 Pascal Road SEAFORD 3198
4874,14 A Trent Street MOORABBIN 3189
4875,162 Cochranes Road MOORABBIN 3189
3137,2 Monbulk Road BELGRAVE 3160
4063,1 Richards Street MITCHAM 3132
6661,Factory 5 24-26 Boys Home Road NEW HAVEN 3925
6662,"Factory 4, 24-26 Boys Home Road NEWHAVEN 3925"
6630,1406 Dandenong Road OAKLEIGH 3166
6631,1 Garden Road CLAYTON 3168
5169,454 Macauley Street ALBURY 2640
5169,454 Macauley Street ALBURY 2640
5169,454 Macauley Street ALBURY 2640
5018,84 Main Street UPWEY 3158
638,518 Princes Highway BERWICK 3806
3800,15 Acheson Place COBURG NORTH 3058
5911,45 Mason Street NEWPORT 3015
1501,2 Riversdale Road NEWTOWN 3218
1500,398A Pakington Street NEWTOWN 3218
6394,328 Shannon Ave NEWTOWN 3220
7120,34a Seventh Street East MILDURA 3500
1990,49 Beach Street FRANKSTON 3199
1991,12 Franklin Court FRANKSTON 3199
4230,593 Keilor Road NIDDRIE 3042
2470,260 Frankston-Dandenong Road DANDENONG 3175
6237,254 Hammond Avenue WAGGA WAGGA 2650
3444,35 Bay Road MOUNT GAMBIER 5290
6082,1 Melbourne Road NORLANE 3214
3769,6 William Street FERNTREE GULLY UPPER 3156
3774,1003 Norman Street WENDOUREE 3355
6396,9 - 11 Separation Street GEELONG NORTH 3215
6401,2-4 Freetrader Ct. (Cnr Despatch St.) ECHUCA 3564
6400,51 Cornelia Creek Road (Echuca-Kyabram Rd) ECHUCA 3564
6258,4 Drummond St TAWONGA 3698
5913,42A Aitken Street ALEXANDRA 3714
4689,150 High Street AVOCA 3467
5730,175 Arden Street NORTH MELBOURNE 3051
1613,600 HIGH STREET THORNBURY 3071
4218,"Factory 5, 993 North Road MURRUMBEENA 3163"
6037,19-29 Orange Avenue MILDURA 3500
6038,22 - 30 Orange Ave. MILDURA 3500
6730,456 High Street NORTHCOTE 3070
1614,339 Victoria Road THORNBURY 3071
1606,305 Victoria Road THORNBURY 3071
6155,Shop 7 - 650 High Street EPPING 3076
6175,21 Buch Ave EPPING 3076
7104,65 Northern Road HEIDELBERG WEST 3081
5885,200 Grange Road FAIRFIELD 3078
3992,224 Settlement Rd. THOMASTOWN 3074
1448,13 Foden  Avenue CAMPBELLFIELD 3061
2191,405 Plenty Road PRESTON 3072
5578,1 Crissane Road HEIDELBERG WEST 3081
5097,4 Dennis Street CAMPBELLFIELD 3061
5098,10 Gasoline Way CRAIGIEBURN 3064
1121,45-47 Clements Avenue BUNDOORA 3083
3277,350 Settlemet Road THOMASTOWN 3074
6096,12a Freight Drive SOMERTON 3062
3882,696 - 704 High Street RESERVOIR 3073
2180,7 Pallet Street COBURG NORTH 3058
2181,155 Islington Street COLLINGWOOD 3066
3620,FACTORY 1/55 TEMPLE DRIVE THOMASTOWN 3074
3621,1 Nicholls Court PLENTY 3090
1238,243 Dundas Street PRESTON 3072
6692,1 Enterprise Drive BUNDOORA 3083
5139,218 Station Street THOMASTOWN 3074
4110,33 Ararat Road STAWELL 3380
6397,1013 Raglan Pde WARRNAMBOOL 3280
4111,95 Stawell Road HORSHAM 3400
6290,30 Hallam Road HALLAM 3803
6340,56-58 Gaine Road DANDENONG SOUTH 3175
2642,391 STATION STREET THORNBURY 3071
6427,10 Calder Highway NULLAWIL 3529
4004,18 Apollo Court BLACKBURN 3130
4799,6A Beech Street NUNAWADING 3131
5929,6A Beech Street NUNAWADING 3131
6184,434 Whitehorse Road NUNAWADING 3131
4003,275 Whitehorse Road NUNAWADING 3131
4007,26 Firth Street DONCASTER 3108
4006,88 Station Street NUNAWADING 3131
4005,381A Canterbury Road RINGWOOD 3134
714,2 Mitford Pde FOOTSCRAY WEST 3012
3631,9 Davis Street NYORA 3987
7077,111 Snell Grove OAK PARK 3046
5449,26 Plunkett Road DANDENONG 3175
3379,49 Westminster Street OAKLEIGH 3166
3742,3 Ninth Street MILDURA 3500
2878,418-422 Maroondah Highway RINGWOOD 3134
4456,98 The Parade OCEAN GROVE 3226
4457,8-10 Marine Pde OCEAN GROVE 3226
5571,46 Grubb Road OCEAN GROVE 3226
1286,98 The Parade OCEAN GROVE 3226
3491,92 Main Street FOSTER 3960
4896,89 Kooyong Road CAULFIELD NORTH 3161
6958,6 Ogilvies Road MANSFIELD 3722
5588,11-13 Clifton Street EUROA 3666
5589,11 - 13 Clifton Street EUROA 3666
1315,33-35 Belfast Street BROADMEADOWS 3047
4265,19 Bellevue Crescent PRESTON 3072
4266,24 Bellevue Crescent PRESTON 3072
5363,21 Yiannis Court SPRINGVALE 3171
1096,Fact 6/5 Apoinga Street DANDENONG 3175
1097,F 2/38-44 Dandenong Street DANDENONG SOUTH 3175
1066,10 Templeton Street WANGARATTA 3677
486,496 Geelong Road FOOTSCRAY WEST 3012
2134,205 Newlands Road COBURG 3058
2135,66 Newlands Road RESERVOIR 3073
6625,5/1271 Ferntree Gully Road SCORESBY 3179
6713,8 Heart Street DANDENONG 3175
4588,253 Barkly Street ARARAT 3377
7103,1426 Malvern Road GLEN IRIS 3146
6720,24 McMahon Street TRARALGON 3844
7101,24 Bellevue Cres PRESTON 3072
5155,Factory 2-12 Hartnett Drive SEAFORD 3198
5156,37 Hartnett Drive SEAFORD 3198
4129,667 - 675 Fifteenth Street MILDURA 3500
1948,4 Pickering Street OUYEN 3490
1205,62-66 Parfitt Road WANGARATTA 3677
6695,28 Charles Street COBURG NORTH 3058
6576,2/15 Arundel Street CRANBOURNE 3977
2421,1/34 Stephenson Road SEAFORD 3198
3498,7 Malcolm Crt KEALBA 3021
3499,45 Maida Avenue SUNSHINE NORTH 3020
2970,24 Carrick Drive GLADSTON PARK 3043
1311,9 Thompson Street WILLIAMSTOWN 3016
809,122 French Street HAMILTON 3300
4351,105 Brooklyn Road. MELTON 3337
4352,103 Brooklyn Road MELTON SOUTH 3337
928,F 3/3 Eastgate Court WANTIRNA SOUTH 3152
1846,6 Percy Street HEIDELBERG WEST 3081
1639,4 Carey Street EUSTON 2737
1370,Fact. 2/25 Grants Road SOMERVILLE 3912
814,388 St Georges Road THORNBURY 3071
4903,5 Commerce Court SUNBURY 3429
4904,5 Commerce Court SUNBURY 3429
1665,16 Windale Street DANDENONG 3175
4410,42 Fitzgerald St. PORTLAND 3305
3709,2 Healey Road DANDENONG 3175
3100,Lot 4 Ravenswood Road LOCKWOOD SOUTH 3551
3101,412 Calder Alternative Highway RAVENSWOOD 3453
4146,"Unit 2, 18 Station Street DANDENONG 3175"
1371,15 Simcock Street SOMERVILLE 3912
5651,21a Virginia Street MORNINGTON 3931
5834,11 Gallop Street COLAC 3250
7211,Factory 2/16 Rosemary Crt MULGRAVE 3170
3507,9-13 Canterbury Road BLACKBURN SOUTH 3130
786,80 Horace Street SEA LAKE 3533
2966,895 Princes Highway PAKENHAM 3810
6272,1 Venture Way PAKENHAM 3810
4749,33 Commercial Drive PAKENHAM 3810
7226,396 Pakington Street NEWTOWN 3218
7226,396 Pakington Street NEWTOWN 3218
3841,12 Mc Glone Street MITCHAM 3132
3842,F11/42 New Street RINGWOOD 3134
1469,95 Inglis Street BALLAN 3342
5230,"Unit 8, 94 Eucumbene Drive RAVENHALL 3023"
3369,65 Lusher Road CROYDON 3136
2673,193 Douglas Parade NEWPORT 3016
4481,4/ 177 Para Road GREENSBOROUGH 3088
4819,52 Appleton Street RICHMOND 3121
4820,42 Appleton Street RICHMOND 3121
4821,42 Appleton st RICHMOND 3121
6882,5 Laurel Street WHITTLESEA 3757
3199,14 Beech Street NUNAWADING 3131
6535,44 Chapel Street BENDIGO 3550
6986,30 Greenaway Street BULLEEN 3105
3890,30 Greenaway Street BULLEEN 3105
2157,2 Langslow Street CASTLEMAINE 3450
2158,2 Langslow Street CASTLEMAINE 3450
5825,140 Diggers Road WERRIBEE SOUTH 3030
7039,4/11 Pearse Street WARRAGUL 3820
833,F2/ 4 Palmerston Street MELTON 3337
832,2 Palmerston Street MELTON 3337
646,200 Cheltenham Road DANDENONG 3175
635,200 Cheltenham Road DANDENONG 3175
642,407 Canterbury Road VERMONT 3133
643,85 Maroondah Highway RINGWOOD 3134
634,45-57 Maroondah Highway RINGWOOD 3134
641,203-207 Frankston-Dandenong Road SOUTH DANDENONG 3175
2192,1 Edols Street GEELONG NORTH 3215
2471,47 Henry Street HAWTHORN 3122
1269,67 Eighth Street MILDURA 3500
5006,3 Havelock Street MARYBOROUGH 3465
5621,41 Bennet Street DANDENONG 3175
5621,41 Bennet Street DANDENONG 3175
292,Main Street NEERIM SOUTH 3831
293,"21, Queen Street NEERIM SOUTH 3831"
6431,14 Paynesville Road PAYNESVILLE 3880
5676,4/83 Barwon Terrace GEELONG SOUTH 3220
6956,30 Commercial Drive LYNBROOK 3975
626,29 Maddon Grove BURNLEY 3121
619,11-21 McIntyre Street BURWOOD 3125
627,132 Burwood Road HAWTHORN 3122
622,8 Somers Street BURWOOD 3125
623,7 - 30 Evans Street BURWOOD 3125
621,681 Chapel Street SOUTH YARRA 3141
620,132 Burwood Road HAWTHORN 3122
629,7 - 30 Evans Street BURWOOD 3125
7029,907 Nepean Hwy MORNINGTON 3931
3132,6 Mornington Flinders Road RED HILL 3937
5387,3 Rosebud Parade ROSEBUD 3939
1651,"Unit 5, 37 Wells Road SEAFORD 3198"
5574,301 Nepean Highway FRANKSTON 3199
6831,"110, Dandenong Road West FRANKSTON 3199"
2339,265-271 Queensberry Street CARLTON 3053
503,26 Guilford Lane MELBOURNE 3000
5952,"Unit 1, 480 Maroondah Highway LILYDALE 3140"
2969,MICKLEHAM RD & GREENVALE DV GREENVALE 3047
2968,2 - 8 Greenvale Drive GREENVALE 3059
6005,86-100 Lock Avenue WERRIBEE 3030
1963,457-459 Princes Highway BAIRNSDALE 3875
3666,265 Spring Flat Road WARRNAMBOOL 3280
5046,115 Northgate Drive THOMASTOWN 3074
5906,30 Autumn St GEELONG WEST 3218
3540,9 Latrobe Street WARRAGUL 3820
6330,30 Austin Street HOPETOUN 3396
483,Factory 5/1 Birdum Street MOORABBIN 3189
484,15 Alex Avenue MOORABBIN 3189
5670,55 Churchill Avenue BRIGHT 3741
4018,1037 Howitt Street WENDOUREE 3355
7201,115 A'Beckett Street MELBOURNE 3000
7202,109 Lonsdale Street DANDENONG 3175
7203,36 Mercer Street GEELONG 3220
7204,507 Maroondah Hwy RINGWOOD 3134
71,615 Creswick Road BALLARAT 3350
70,204 Armstrong Street BALLARAT NORTH 3350
2309,478 Maroondah Highway LILYDALE 3140
2310,478 Maroondah Highway LILYDALE 3140
1357,59 Macbeth Street BRAESIDE 3195
6873,35 Tenth Street MILDURA 3500
6478,153 Raglan Parade WARRNAMBOOL 3280
5638,101 Settlement Road COWES 3922
6686,16 Emily Street SEYMOUR 3660
6977,43 - 45 McIntyre Road SUNSHINE 3020
6899,115-117 Burwood Hwy BURWOOD 3125
6989,245 Honour Ave COROWA 2646
3267,115 Ricketts Road MOUNT WAVERLEY 3149
1607,3 Parer Street RESERVOIR 3073
1273,Caix Square ROBINVALE 3549
1794,42 Jackson Court DONCASTER EAST 3109
2835,1 Barry Street BAYSWATER 3153
7122,21 Towong Street Tallangatta 3700
22,77-79 Auburn Road HAWTHORN 3122
6761,"Factory 1,4 Bailey Avenue KEILOR EAST 3033"
6762,1/33 Slater Parade KEILOR EAST 3042
4430,1 Dingley Ave. DANDENONG 3175
4431,22 Dingley Avenue DANDENONG 3175
5500,151 Poath Road MURRUMBEENA 3163
6698,451 Old Geelong Road HOPPERS CROSSING 3029
5783,46 Bellarine Hwy POINT LONSDALE 3225
6890,3/32 De Havilland Road MORDIALLOC 3195
2431,256 Huntingdale Road HUNTINGDALE 3166
5810,855 - 857 Nepean Highway BRIGHTON 3186
5812,855 Nepean Highway BRIGHTON 3186
2091,109 Victoria Parade COLLINGWOOD 3066
6444,2/211 Princes Highway PORT FAIRY 3284
2006,88 Inkerman St. ST KILDA EAST 3183
4950,34 Beauchamp Street KYNETON 3444
6941,Unit 1/11 - 15 Beverley Street PORTLAND 3305
762,70 Main Street RIDDELLS CREEK 3431
4605,52A Westall Road SPRINGVALE 3171
4606,52 Henderson Road CLAYTON 3168
7014,4/48 Lara Way CAMPBELLFIELD 3061
4967,901 Princes Highway PAKENHAM 3810
5775,49 Levanswell Road MOORABBIN 3189
6191,50 Mary Street PAKENHAM 3810
6251,74 Ahern Rd PAKENHAM 3810
5370,52 Slater Parade KEILOR EAST 3033
6629,Factory 3/6 Citrus Street BRAESIDE 3195
5468,261 Mary St RICHMOND 3121
6622,6 Ashmore Street WANGARATTA 3677
6623,15 Sinclair Drive WANGARATTA 3677
7112,64 Holden St FITZROY NORTH 3068
7217,F2/2 Sherwood Court WANTIRNA SOUTH 3152
584,61-63 Nepean Highway ELSTERNWICK 3185
6846,10 Handley Crescent DANDENONG 3175
7043,15 -17 Queens Ave HAWTHORN 3122
7003,43 - 63 Princes Highway DANDENONG SOUTH 3175
7013,6 Swanston Street PRESTON 3072
96,Cnr Centre Road & Depot Drive TULLAMARINE AIRPORT 3040
97,8 Sperry Drive TULLAMARINE 3043
5813,380 Cooper Street EPPING 3076
95,207 Keilor Road ESSENDON NORTH 3041
5808,1551 Sydney Road CAMPBELLFIELD 3061
5811,41 Lonsdale Street DANDENONG 3174
5809,251 Maroondah Hwy RINGWOOD 3134
7021,605 - 633 High Street PRESTON 3072
6385,62 Albert Street PRESTON 3072
7200,2 McQuade Street MORWELL 3840
6033,68 Bald Hill Road PAKENHAM 3810
6034,68 Bald Hill Road PAKENHAM 3810
6937,50/22 Dunn Crescent DANDENONG NORTH 3175
6512,1A-63 Lonsdale Street DANDENONG 3175
6116,512 Pascoe Vale Road PASCOE VALE 3044
4635,F5 /9 Palmerston East Road RINGWOOD 3134
4636,9 Steven Court RINGWOOD 3134
3001,27 Tuscan Court THOMASTOWN 3074
3375,95 Arden street MELBOURNE NORTH 3051
4384,16 Gell St BACCHUS MARSH 3340
5389,6 Kitson Street FRANKSTON 3199
6886,"28, Michael Street PAKENHAM 3810"
6501,99 Chapel street ST KILDA 3182
6461,2/121 Fairbairn Road SUNSHINE WEST 3020
4609,31a Tuscan Court THOMASTOWN 3074
4610,18 Tuscan Court THOMASTOWN 3074
4611,51-53 Strong Avenue THOMASTOWN 3074
2405,Fact. 3 /12 Laser Drive ROWVILLE 3178
2406,F3 / 11 Laser Drive ROWVILLE 3178
5160,2/23 Shearson Crescent MENTONE 3192
5161,"Factory 4, 96 Voltri Street MENTONE 3192"
5159,55 Governor Road MORDIALLOC 3195
4733,"Factory 4, 20 Station Street DANDENONG 3175"
6231,8 Damosh Ave CARRUM DOWNS 3200
5355,273 Dundas Street PRESTON 3072
5356,274 Dundas Sreet THORNBURY 3071
6586,Factory 8/6 Davis Street FERNTREE GULLY 3156
6587,7 Davis Street FERNTREE GULLY 3156
7001,23 Newlands Road RESERVOIR 3073
6687,43 Garden Drive TULLAMARINE 3043
162,56 Bellarine Hwy QUEENSCLIFF 3225
1257,63 Bond Street RINGWOOD 3134
1857,45 Seventh Street MILDURA 3500
2026,545 Macaulay Road KENSINGTON 3031
4529,1/401 Francis St BROOKLYN 3025
1943,59 Ninth Street MILDURA 3500
2351,10 William Street BALACLAVA 3183
6657,17 Salicki Ave EPPING 3076
490,303 Swan Street RICHMOND 3121
386,F9/ 475-477 Maroondah Highway RINGWOOD 3134
4042,37 Brunel Road SEAFORD 3198
316,15 Fitzgerald Street FERNTREE GULLY 3156
1077,223 Woodward Road GOLDEN SQUARE 3555
2777,75 Sobeys Road NAPOLEONS 3352
6509,13 Bando Road SPRINGVALE 3171
5585,10 George St SERPENTINE 3517
5881,"Unit 9, 176 Canterbury Road BAYSWATER 3153"
2545,3102 Korumburra Road WARRAGUL SOUTH 3820
5944,6 Purton Road PAKENHAM 3810
6656,7a Salicki Avenue EPPING 3076
3529,6 Havelock Rd. BAYSWATER 3153
4274,548 Racecourse Road FLEMINGTON 3031
7233,561 Keilor Road NIDDRIE 3042
1098,20 Doveton Street North BALLARAT 3350
1101,153a  High Street PRAHRAN 3181
1102,67 Maroondah Highway RINGWOOD 3134
1099,94 Balliang St GEELONG 3220
1100,550 Princes Highway NOBLE PARK 3174
4483,10 Simms Street MONTMORENCY 3094
4484,44 Bellevue Cresent PRESTON 3072
6962,F4/135 Allingham Street GOLDEN SQUARE 3555
3046,2  Gatwick Road BAYSWATER NORTH 3153
2092,573-603 High Street PRESTON 3072
5973,"Factory 4, 7 George Street WANDIN 3139"
1703,4/272-280 Lower Dandenong Road MORDIALLOC 3195
6752,17 Gatwick Road BAYSWATER 3153
6545,11 Alexander Drive BURWOOD 3125
5439,728 Burwood Highway FERNTREE GULLY 3156
6342,684 Frankston-Dandenong Road CARRUM DOWNS 3201
6341,662a  Whitehorse Road MITCHAM 3132
6500,"Fact 3, 13/15 Industrial Avenue HOPPERS CROSSING 3029"
2836,1 Barry St BAYSWATER 3153
5180,34 Westwood Drive Ravenhall 3023
5962,5 McMillans Road BOORT 3537
5142,428 Princes Highway OFFICER 3809
1033,78 Main Street FOSTER 3960
6449,57 Mitchell Street SHEPPARTON 3630
6260,6 Cloghan St The Gap 4061
221,92 Lower Heidelberg Road IVANHOE 3079
3638,3 Airlie Avenue DANDENONG 3175
1756,65 Heatherdale Road RINGWOOD 3134
6887,54 Sandhurst Road RAYWOOD 3570
4032,1 /5 Aristoc Road GLEN WAVERLEY 3150
4033,18 Aristoc Road GLEN WAVERLEY 3150
6382,8 Eugene Terrace RINGWOOD 3134
5378,125 Beresford Road LILYDALE 3140
3997,87 Arthurs Seat Road RED HILL 3937
3030,FACT 2 /69 Hartnett Drive SEAFORD 3198
3031,41 Wells Road SEAFORD 3199
3032,28 Concord Crescent CARRUM DOWNS 3201
554,8 Rushdale Street KNOXFIELD 3180
2235,2 Garden Boulevard DINGLEY 3172
2106,10 Little Reef Street WEDDERBURN 3518
1075,1490 Warburton Highway WOORI YALLOCK 3139
4720,35-37 Regent Street OAKLEIGH 3166
4675,411 Main Road BALLARAT 3350
3007,1 Dowsett Street GEELONG SOUTH 3220
3008,11 Crown Street GEELONG SOUTH 3220
6107,87 Hallam Sth Road HALLAM 3803
1035,319 Station Street FAIRFIELD 3071
1663,U2/391 Settlement Road THOMASTOWN 3074
4825,4 Aylward Avenue THOMASTOWN 3074
4826,261 Holt Parade THOMASTOWN 3074
2500,112 Contour Road TRAFALGAR 3824
2501,32 Saleyard Road TRAFALGAR 3824
3714,870 Caramut Road MAILORS FLAT 3282
5311,3 / 50 Barry Street BAYSWATER 3153
1326,209 Doveton Street North BALLARAT 3350
1031,8 Costa's Drive HOPPERS CROSSING 3029
6132,651 High Street RESERVOIR 3073
6133,15 / 44 Mahoneys Road THOMASTOWM 3074
4002,2 Laser Drive ROWVILLE 3178
5078,55  Anzac Street SEYMOUR 3660
5079,35c Emily Street SEYMOUR 3660
2828,55 Anzac Street SEYMOUR 3660
2829,35C Emily Street SEYMOUR 3660
7119,10 Molan Street RINGWOOD 3134
1024,20-32 Fyans Street GEELONG 3220
1025,77-79 PAKINGTON STREET GEELONG WEST 3218
1211,481 La Trobe Terrace GEELONG 3220
4725,481 La Trobe Terrace GEELONG 3220
4724,Corner La Trobe Bld. & Little Fyans Street GEELONG 3220
1212,20 Fyans Street GEELONG 3220
1215,20 - 26 Fyans Street GEELONG 3214
4250,6 Mulqueeney Street WODONGA 3690
4251,14 Hovell Street WODONGA 3690
2215,422 New Street BRIGHTON 3186
2216,1 Bignell Road MOORABBIN 3189
4203,Cnr. Learmonth St. & Henty Hwy. PORTLAND 3305
3390,2-6 ST Georges Road NORTHCOTE 3070
5101,276 Vaughan Springs Road YAPEEN 3451
5100,170 Main Road CHEWTON 3451
6370,26 Hume Street ECHUCA 3564
5057,209 Darling Road MALVERN EAST 3145
3049,107 Green Street RICHMOND 3121
1775,181 Lennox Street RICHMOND 3121
4049,129 Baillie Street HORSHAM 3400
4050,7 Clark St HORSHAM 3400
6965,60 Ricketts Road MT WAVERLEY 3149
6192,1/18 Bently Street WILLIAMSTOWN 3016
7237,218 Allan Street KYABRAM 3620
5765,59 Bond Street RINGWOOD 3134
5766,"Factory 5, 156-160 New Street RINGWOOD 3134"
4971,14 Madden Street RINGWOOD 3134
4972,"Factory 4, 65-71 Heatherdale Road RINGWOOD 3134"
6383,13 Eugene Terrace RINGWOOD 3134
4444,F1/7 Heatherdale Road RINGWOOD 3134
3406,18 Mt Dandenong Road RINGWOOD 3135
6980,395 Maroondah Highway RINGWOOD 3134
3407,2 Molan Street RINGWOOD 3134
7015,481 Maroondah Hwy RINGWOOD 3134
3010,9 Killara Road CAMPBELLFIELD 3061
3009,7 KILLARA ROAD CAMPBELLFIELD 3061
6540,116 Highbury Road BURWOOD 3125
4115,1051 Riversdale Road SURREY HILLS 3127
3663,30 Payne Street BAIRNSDALE 3875
3664,46 Forge Creek Road BAIRNSDALE 3875
934,2/171 Para Road GREENSBOROUGH 3088
934,2/171-175 Para Road GREENSBOROUGH 3088
1776,233 Burwood Road HAWTHORN 3122
1116,37 Swann Street BRIM 3391
7129,12 Hazel Avenue DANDENONG 3175
2098,5 Riversdale Road NEWTOWN 3220
2554,81 Cheltenham Road DANDENONG 3175
2555,65 Edols Street GEELONG NORTH 3215
2550,106 western Highway NHILL 3418
2553,25 Thurla Street SWAN HILL 3585
2556,178 Fulton Road MAFFRA 3860
2546,137 high Street MANSFIELD 3772
2557,176 Hall St SPOTSWOOD 3015
2558,433 Williamstown Road PORT MELBOURNE 3207
2549,233 Kiewa Valley Highway TAWONGA SOUTH 3698
2552,79 Norcal road NUNAWADING 3131
2547,32 Yaldin St West KYNETON 3444
2516,433 Williamstown Road PORT MELBOURNE 3207
2520,18 - 20 Malmo Street MAFFRA 3860
2540,Market Street COBRAM 3644
2530,Aberdeen Road SANDRINGHAM 3191
2523,12 Gabrielle Court BAYSWATER NORTH 3153
2542,Edols Street GEELONG NORTH 3215
2522,18 - 20 Andrews St. HAMILTON 3300
2531,26 Olympic Parade KANGAROO FLAT 3555
2559,6 B Bray Street HASTINGS 3915
2529,228 Mahoneys Rd. BURWOOD EAST 3151
2543,804 Norman Street BALLARAT 3350
2560,18 - 20 Moloney Drive WODONGA 3690
2561,19 Graham Street MOAMA 2731
2525,79 Emu Road MAIDSTONE 3012
2517,19 Wheeler Street SHEPPARTON 3630
2539,9 Foster Street DANDENONG 3174
2527,Marine Pde. HASTINGS 3915
2541,Lot 37-38 Railway Street WARRACKNABEAL 3393
2519,"47, Mackay Street WANGARATTA 3677"
2544,Cnr. Echuca Street & Eddy Ave. MOAMA 2731
2534,4-10 Ryan Street MORWELL 3840
2538,6 Reeves Court BREAKWATER 3219
2526,19 Kiewa East Rd. TANGAMBALANGA 3691
2537,153 high Street WODONGA 3690
2521,44-46 The Concourse PHILLIP ISLAND 3922
2533,RMB 4030 Highlands Road SEYMOUR 3660
2518,5 Fordyce Street SHEPPARTON 3630
2551,8 - 10 Bathurst Court MILDURA 3500
2528,Moulamein Road SWAN HILL 3585
2524,5 Akuna Ave. TALLANGATTA EAST 3700
2532,1 Wannan St. WARRNAMBOOL 3280
2536,7 King Drive HORSHAM 3400
2535,16 McMillan Street BAIRNSDALE 3875
2548,15 Silvercity Highway BURONGA 2739
6259,41-43 Assembly Dve TULLAMARINE 3042
6236,41-43 Assembly Drive TULLAMARINE 3042
6707,51 Progress Street DANDENONG 3175
5747,5/55 Cherry Lane LAVERTON NORTH 3026
1843,55 Governor Road MORDIALLOC 3195
1843,55 Governor Road MORDIALLOC 3195
7079,33 Lockwood Road SHEPPARTON 3630
6109,"Factory 2, 32 Roberna Street MOORABBIN 3189"
4522,24A The Concord BUNDOORA 3083
4523,32 The Concord BUNDOORA 3083
1300,51-57 High Street MALDON 3463
4330,15-17 Bullivant Street WANGARATTA 3677
4331,45-47 Gibson Street WANGARATTA 3677
260,71 Commercial Street KANIVA 3419
877,16 Johnston Street COLLINGWOOD 3066
4168,145 Northern Road HEIDELBERG HEIGHTS 3081
879,172 Middleborough Road BLACKBURN SOUTH 3130
880,309 Middleborough Road BOX HILL SOUTH 3128
311,648 High Street THORNBURY 3071
2586,12 Moore Street ROCHESTER 3561
5112,25 Queens Road SILVAN 3795
1699,41 - 45 McIntyre Road SUNSHINE 3020
1696,33-35 GARDEN DRIVE TULLAMARINE 3043
1697,24 - 25 Dakota Crt. TULLAMARINE 3043
1698,15 Catalina Drive TULLAMARINE 3042
753,89-93 Mackie Road BENTLEIGH EAST 3165
4256,27 Donaldson Street CORRYONG 3707
5759,82 Gellibrand Street COLAC 3250
5855,2 Warrandyte Road RINGWOOD 3134
6602,1059 Raglan Parade WARRNAMBOOL 3280
2034,70 Cave Hill Road LILYDALE 3140
2847,1-3  De Feu Street MELBOURNE NORTH 3051
1907,33 MAIN RD ROMSEY 3434
4334,Lot 3 Mitchells Court ROMSEY 3434
902,119 - 141 Midland Highway EPSOM 3551
901,3  Adams Street GOLDEN SQUARE 3550
6492,1 Cadby Court WARRAGUL 3820
6597,153 Northern Road HEIDELBERG WEST 3081
1942,1198 Benetook Avenue MILDURA 3500
1779,188 Bridge Street BENALLA 3672
4914,16 Rosebank Avenue CLAYTON SOUTH 3169
6949,1343 Point Nepean Road ROSEBUD 3940
4273,42 Glen Eira Road ELSTERNWICK 3185
5679,80 Belmore Street YARRAWONGA 3730
3343,159 Queen Street WARRAGUL 3820
4109,109 Balliang Street GEELONG SOUTH 3220
6918,41 Mangan Street TONGALA 3621
1854,241 Dorset Road BORONIA 3155
1855,"Factory 2, 29 Jersey Road BAYSWATER 3153"
2515,2 Cummins Drive SOMERTON 3062
6913,2 - 4 Murra Street EAST BENTLEIGH 3165
4285,15 Rowan Street WANGARATTA 3677
3269,47 FOREST ROAD FERNTREE GULLY 3156
4713,13 Laser Drive ROWVILLE 3178
7004,15 Zakwell Court COOLAROO 3048
6304,62 Paulson Road CAMPBELLFIELD 3061
5974,Factory 4/7 George St WANDIN 3139
4051,38 Hamilton Street HORSHAM 3400
1511,32 B Williamson  Road MARIBYNONG 3032
5384,F1/266 Osborne Avenue CLAYTON SOUTH 3169
5385,248 Osborne Road CLAYTON SOUTH 3169
1858,76 Rushdale Street KNOXFIELD 3180
385,292 Station Street BOX HILL 3128
6756,Unit 2 6 Shepherd Court GEELONG NORTH 3215
7007,1287 Sydney Road FAWKNER 3060
4224,2479 Point Nepean Road RYE 3941
4225,38 Peninsula Avenue RYE 3941
6654,1/3 Rajah Court PORT ARLINGTON 3223
6655,8 Rajah Court PORTARLINGTON 3223
3626,15 A Settlement Road BELMONT 3216
6182,2 Campbell Street YARRAVILLE 3013
6183,9 Kent Street YARRAVILLE 3013
4055,16 Technical Drive CRAIGIEBURN 3064
713,F 2&3 /70 Chifley Drive PRESTON 3072
6054,"Unit 5, 41-43 Allied Drive TULLAMARINE 3043"
6055,9A Carrick Drive TULLAMARINE 3043
3348,121 Box Street DANDENONG 3175
4976,35 Dimboola Road WARRACKNABEAL 3393
1893,10 Bentley Street WILLIAMSTOWN NORTH 3016
5677,Lot 4 Charles Street ST ALBANS 3021
6849,1084 Centre Road OAKLEIGH SOUTH 3166
1529,18 Chickerell Street MORWELL 3840
7056,29 Fraser Street AIRPORT WEST 3042
955,1045 Frankston - Flinders Road SOMERVILLE 3912
2566,86 Gordon Street FOOTSCRAY 3032
2567,86 Gordon Street FOOTSCRAY 3032
2565,95A ROSAMOND ROAD MAIDSTONE 3012
6264,29-33 Foster Street SALE 3850
6940,273 York Street SALE 3850
3289,58 Mangan Street TONGALA 3621
3290,33 Henderson Road TONGALA 3621
3291,58 Mangan Street TONGALA 3621
1445,31 ST Georges Road PRESTON 3072
5421,1A/52 Sarton Road CLAYTON 3168
3103,Fact 1/8 Bland Drive THOMASTOWM 3074
3104,595 - 597 Plenty Road PRESTON 3072
3105,650-652 Plenty Road PRESTON 3072
4355,10 McPherson Street LEONGATHA 3953
4356,10 McPherson Street LEONGATHA 3953
1136,F4/ 10 Pilgrim Court RINGWOOD 3134
6463,57 Osborne Ave SPRINGVALE 3171
6016,58 Smith Road SPRINGVALE 3171
6464,"Unit 163, 248-266 Osborne Avenue CLAYTON SOUTH 3169"
303,279 Graham Street PORT MELBOURNE 3207
1996,268-272 Ferntree Gully Road NOTTING HILL 3168
1997,63 Henderon Road CLAYTON NORTH 3168
1998,63 Henderson Road CLAYTON NORTH 3169
1999,72 Henderson Road CLAYTON NORTH 3169
6982,Unit 2 / 2 Government Road EDEN 2551
6643,244 Western Highway ARARAT 3377
4411,212 - 216 Northbourne Rd. CAMPBELLFIELD 3061
4413,2 / 66 Greens Road DANDENONG SOUTH 3175
4412,125- 129 Boundary Road LAVERTON NORTH 3026
4412,125- 129 Boundary Road LAVERTON NORTH 3026
6740,"4/70, Rushdale Street KNOXFIELD 3180"
6291,5 / 170 Forster Road MOUNT WAVERLEY 3149
4190,38 Boundary Street KERANG 3579
1581,14 Patrick Court SEAFORD 3198
3828,10 Peninsula Boulevard SEAFORD 3198
2094,32-34 Napier Street ESSENDON 3040
2095,15 Halsey Road AIRPORT WEST 3042
5110,25 Narre Warren - Cranbourne Road NARRE WARREN 3805
3987,6 GAWLER ST. PORTLAND 3305
3988,135 Percy Street PORTLAND 3305
5275,72 Bennet Street DANDENONG 3175
5275,72 Bennet Street DANDENONG 3175
5399,7 / 213 Sunshine Road TOTTENHAM 3012
6826,26 Progress Street MORNINGTON 3931
3862,13 Norfolk Court COBURG NORTH 3058
4390,9-11 Separation Street GEELONG NORTH 3215
6763,108 Cheltenham Road DANDENONG 3175
5996,Fac1 - 8 Childs Road EPPING 3076
5997,3 Mary Court EPPING 3076
2303,125 Wimble St. SEYMOUR 3660
4688,21 Emily Street SEYMOUR 3660
5902,21 Emily Street SEYMOUR 3660
6600,23b Cameron Street BRUNSWICK 3056
6889,53 Bakers Road COBURG NORTH 3058
5340,44 Shafton Street HUNTINGDALE 3166
2313,282 Sturt Street SOUTH MELBOURNE 3205
2314,284 Sturt Street SOUTH MELBOURNE 3025
239,38 Alfred Street BLACKBURN 3130
4445,40 Adam Street MARONG 3515
732,52 Chute Street DIAMOND CREEK 3089
2265,15 Mitchell Street SHEPPARTON 3630
2266,15 Mitchell Street SHEPPARTON 3630
1946,239 Archer Street SHEPPARTON 3630
7020,8002 Melbourne Road SHEPPARTON 3630
657,709 Benalla Road SHEPPARTON EAST 3631
6739,8028 Goulburn Valley Hwy KIALLA 3631
5294,78-80 Benalla Road SHEPPARTON 3630
5294,78-80 Benalla Road SHEPPARTON 3630
6063,16 Wanganui Road SHEPPARTON 3630
3970,8000 Melbourne Road SHEPPARTON 3630
4584,F3/ 18 Hicks Street LARA 3212
4585,20 Hicks Street LARA 3212
1496,56-58 Bridge Street BENDIGO 3550
509,12 Thomas Street FERNTREE GULLY 3156
6917,1/7 Newlands Road RESERVOIR 3073
4775,120 - 122 Chestnut St. RICHMOND 3121
6513,2/810 Mountain Highway BAYSWATER 3153
6633,46d Berkshire Road NORTH SUNSHINE 3020
23,444 Macaulay Rd KENSINGTON 3031
2926,835 Doncaster Road DONCASTER 3108
5359,591 Doncaster Road DONCASTER 3108
2282,505 Maroondah Highway RINGWOOD 3134
4731,603 Latrobe Street BALLARAT 3350
4732,605 Latrobe Street BALLARAT 3350
4508,19 Hilton Street DANDENONG 3175
4509,2 Hilton Street DANDENONG 3175
1411,1 Prentice Street BRUNSWICK 3056
6746,498 Clayton Road CLAYTON SOUTH 3169
6669,57 Emily Street SEYMOUR 3660
6670,57 Emily Street SEYMOUR 3660
2122,14-16 Carrington Drive SUNSHINE 3020
6367,353 Dorset Road BAYSWATER 3153
6554,2/26 Howleys Road NOTTING HILL 3168
6598,19 Hartnett Drive SEAFORD 3198
4824,20 Smethurst Street CRANBOURNE 3977
6561,51 Morgan Street NORTH GEELONG 3215
6514,Unit 3/65 Horne Street SUNBURY 3429
5209,F1/2-6 Enterprise Avenue BERWICK 3806
2225,2 Barry Street BAYSWATER 3153
4204,510 Moorabool Street GEELONG 3214
4011,41-43 Regent Street PRAHRAN 3181
4010,24-26  Regent Street PRAHRAN 3181
3695,52  Barry Street BAYSWATER 3153
6495,24 Plateau Road RESERVOIR 3073
6085,25B Stanley Drive SOMERTON 3062
3898,67 Grant Road SOMERVILLE 3912
6749,45A Sarton Road CLAYTON 3168
6750,57 Renver Road CLAYTON 3168
1412,16 Alfred Street WARRAGUL 3820
2509,247 Macauley Road ALBURY 2640
6450,58 Taylor Street ASHBURTON 3147
6573,173 - 175 Gladstone Street SOUTH MELBOURNE 3025
6143,989 Raglan Parade WARRNAMBOOL 3280
5870,3 Plunkett Road DANDENONG 3175
5871,6 Southeast Boulevard PAKENHAM 3810
4147,1 / 2 Dunn Crescent DANDENONG 3175
6039,182 Centre Road NARRE WARREN 3805
6062,59 Graham Street WONTHAGGI 3995
4205,134 Thistlewaite Street SOUTH MELBOURNE 3205
6477,215 Normanby Road SOUTH MELBOURNE 3205
6967,8 Wealthiland Drive MILL PARK 3082
7124,31B Barrett Street TIMBOON 3268
4440,110 Commercial Road PRAHRAN 3181
1928,145 Williams Road SOUTH YARRA 3142
4441,48 Garden Street SOUTH YARRA 3141
5091,16 Flockhart Street ABBOTSFORD 3067
5092,96 Church Street RICHMOND 3121
5089,93 Commercial Road SOUTH YARRA 3141
7084,155 - 157 Buckhurst Street SOUTH MELBOURNE 3205
2801,83 Ormerod Street NARACOORTE 5271
5837,2 Elna Court MOORABBIN 3189
5157,122 Boundry Road BRAESIDE 3195
5158,122 Boundry Road BRAESIDE 3195
5979,Unit4 4 Apsley Place SEAFORD 3198
6001,11 Kirkham Road DANDENONG 3175
6002,37 Rodeo Drive DANDENONG SOUTH 3175
5785,500 Pakenham Road PAKENHAM UPPER 3810
5786,Factory 14 / 18 Racecourse Road PAKENHAM 3810
2848,81 Argus Street CHELTENHAM 3192
6424,585 Hovell Street ALBURY 2640
6177,13 Barry Street BAYSWATER 3153
2833,F4/17 Brunsdon Street BAYSWATER 3153
2834,13 Barry Street BAYSWATER 3153
7022,250 Victoria Street BRUNSWICK 3057
1466,409 Spencer Street MELBOURNE WEST 3003
5969,"Factory 2, 8 Virginia Street MORNINGTON 3931"
5970,18 Bennetts Road MORNINGTON 3931
3050,26 Harvester Avenue SUNSHINE NORTH 3020
2793,202 Governor Road BRAESIDE 3195
6505,12A Chaffey Street THOMASTOWN 3074
1436,14 ANTHONY STREET MELBOURNE 3000
1437,423 Elizabeth Street MELBOURNE 3000
6015,58 Smith Road SPRINGVALE 3170
2253,18 Metropolitan Ave NUNAWADING 3131
6928,6 Berkshire Road SUNSHINE 3020
6593,1/80-84 Tucker Street BREAKWATER 3219
4570,3/32 Cambria Road KEYSBOROUGH 3173
4571,30 Cambria Road KEYSBOROUGH 3173
3452,Fact. 3/32 Cambria Road KEYSBOROUGH 3173
6870,"5A, Salicki Avenue EPPING 3076"
3894,159 Weddell Road GEELONG NORTH 3215
1305,29 St Albans Rd ST ALBANS 3021
2875,200 Williams Street ST ALBANS 3021
2876,210 William St ST ALBANS 3021
6447,10 Vale Street MELBOURNE 3182
5991,48 Murradoc Road DRYSDALE 3222
3066,25 Regent St PRAHAN 3181
477,90-92 Bell Strett HEIDELBERG WEST 3081
6261,25 A Stafford St HUNTINGDALE 3166
4194,1 Midland Highway STANHOPE 3623
7212,52/266 Osborne Ave CLAYTON SOUTH 3169
3802,45-55 Annandale Road TULLAMARINE 3042
6950,8 Sussex Court SUNBURY 3429
7006,2 Northey Road LYNBROOK 3975
5297,F1 / 45-47 Sinclair Road DANDENONG 3175
5298,11 Bennet Street DANDENONG 3175
3393,255 Plenty Road PRESTON 3072
3392,19 Arthurton Road NORTHCOTE 3070
3391,422 HIGH STREET NORTHCOTE 3070
6115,27 Yazaki Way CARRUM DOWNS 3201
6113,41 Nicholas Drive DANDENONG SOUTH 3175
6114,"LinFox, Rear of 77-125 Princess Highway DANDENONG 3175"
5745,13 Horsham Road STAWELL 3380
6851,72 - 76 Longfield Street STAWELL 3380
4701,921-923 Riversdale Road SURREY HILLS 3127
1003,73 Prospect Hill Road CAMBERWELL 3124
6256,157 MacArthur St SALE 3850
1927,475 Grimshaw Street BUNDOORA 3083
2661,3 Cromwell Parade FOOTSCRAY WEST 3012
2662,3 Cromwell Parade FOOTSCRAY WEST 3012
5544,29 Rodney Road NORTH GEELONG 3215
5544,2 Freedman Street GEELONG NORTH 3215
1675,218 Edwardes Street RESERVOIR 3073
6295,823 Howitt Street WENDOUREE 3355
1355,531 Keilor Road NIDDRIE 3042
2927,94 Cotham Road KEW 3101
2928,115 Cotham Road KEW 3101
2929,25 Evans Street BURWOOD 3125
2924,825 Doncaster Road DONCASTER 3108
7085,496 Pascoe Vale Road STRATHMORE 3041
4951,F11/5 Edelmaier Street BAYSWATER 3153
4952,47 Malvern Street BAYSWATER 3153
4776,1 Alex Avenue MOORABBIN EAST 3189
1002,81 Levanswell Road MOORABBIN 3189
7102,10 Sharnet Circuit PAKENHAM 3810
3546,167 Clayton Road OAKLEIGH EAST 3166
5923,1 - 3 Prestige Drive NARRE WARREN 3805
5926,49 Carawatha Road DONCASTER 3108
1213,36 Mercer Street GEELONG 3220
1214,315 Latrobe Terrace GEELONG 3214
5927,1 Rosemary Court GLEN WAVERLEY 3150
5922,99 Lorimer Street DOCKLANDS 3008
5928,25 Nepean Highway MENTONE 3194
5924,401 Maroondah Highway RINGWOOD 3134
5925,22 - 24 Redfern Road HAWTHORN  EAST 3123
3362,7 Bostock Court THOMASTOWN 3074
3363,22 Spencer Street THOMASTOWN 3074
5009,8 Suffolk Road SUNSHINE 3020
4338,Fact. 2 / 5-7 Dunn Crescent DANDENONG 3175
4339,16 Dingley Avenue DANDENONG 3175
4337,32 Attenborough Street DANDENONG 3175
5993,2/25 McDougall Road Sunbury 3429
5994,25 McDougall Road Sunbury 3429
3503,99 Horne Street SUNBURY 3429
6437,32 Station St SUNBURY 3429
6436,32 Station Street SUNBURY 3429
4017,93-95 Horne Street SUNBURY 3429
5567,33 - 37 Seventh Street MILDURA 3500
5566,7 Seventh Street MILDURA 3500
4835,1017 Lydiard Street BALLARAT NORTH 3350
5400,243 Sunshine Road TOTTENHAM 3012
7031,2 Brooklyn Avenue DANDENONG 3175
6960,563 Keilor Road NIDDRIE 3042
3059,Fact 4 / 2-6 Hallam Road HALLAM 3803
3060,F6 / 2-4 Keppel Drive HALLAM 3803
4378,3 Superior Drive DANDENONG SOUTH 3175
5681,228 Ascot Vale Road ASCOT VALE 3032
3360,424 Canterbury Road SURREY HILLS 3127
7092,411 Canterbury Road SURREY HILLS 3127
4593,79 A Sussex Street COBURG NORTH 3058
5273,997 Moorooduc Hwy MOOROODUC 3933
6074,40 Nyah Road SWAN HILL 3585
5884,5646 Murray Valley Hwy SWAN HILL 3585
3968,59-65 Nyah Road SWAN HILL 3585
2105,5 Shepherd Road SWAN HILL 3585
6964,255 Huntingdale Road HUNTINGDALE 3166
5976,26 Diane Street MORNINGTON 3931
2346,340 Frankston/Dandenong Road DANDENONG 3175
2347,350 Frankston/Dandenong Road DANDENONG SOUTH 3175
2345,"Fact 2, 19-21 Swift Way DANDENONG 3175"
6895,207 Ballarat Road MAIDSTONE 3012
5899,513 Highstreet Road MT WAVERLEY 3149
3224,886 Sydney Road COBURG NORTH 3058
3224,886 Sydney Road COBURG NORTH 3058
574,185-195 High Street BENDIGO 3550
575,239 High Street BENDIGO 3550
6951,36 Eighth Street MILDURA 3500
3482,35 Park Road CHELTENHAM 3192
3480,299 Charman Road CHELTENHAM 3192
2031,25 Sanders Street KORUMBURRA 3950
6178,172 Main Road East ST ALBANS 3021
4360,F1/60 Barry Street BAYSWATER 3153
748,19B  Michellan Court BAYSWATER 3153
2117,26 Radford Street RESERVOIR 3073
6099,76 Barry Road NEW GISBORNE 3438
3284,63 St Albans Road ST ALBANS 3021
3026,568 Frankston/Dandenong Road CARRUM DOWNS 3201
4362,"Factory 8, 413 Dorset Road BAYSWATER 3153"
4363,18 Scoresby Road BAYSWATER 3153
3403,40 Lacey Street CROYDON 3136
6006,61 Whiteside Road CLAYTON SOUTH 3169
6584,Factory 1/2 Coora Road OAKLEIGH SOUTH 3167
6234,48 Hillcrest Rd ELTHAM 3095
6908,F8/61 Wattle Road MAIDSTONE 3012
4844,59 Kiewa East Road TANGAMBALANGA 3691
5333,140 Cromwell Street COLLINGWOOD 3066
6904,4 McLellan Road BORDERTOWN 5268
5715,Factory 1 / 49 Betula Avenue VERMONT 3133
6215,4 Mara Close WANTIRNA SOUTH 3153
6564,51 Alfred Street ARARAT 3377
5172,"Factory 5, 14 Edina Road FERNTREE GULLY 3156"
5173,Factory 1 / 14 Edina Road FERNTREE GULLY 3156
6248,21 Franzi St GUILDFORD 3451
4513,252 Childs Road MILLPARK 3082
6544,5 West Court COOLAROO 3048
5746,3/19 Technology Circuit HALLAM 3803
1974,2 / 515 Maroondah Highway RINGWOOD 3134
3402,61 Brice Avenue MOOROOLBARK 3138
5412,"Factory 2, 22-24 Regent Avenue SPRINGVALE 3171"
5328,2 Hampden Street TERANG 3264
5329,6703 Princess Highway TERANG 3264
848,42 New Street RINGWOOD 3134
5514,18 Bricker Street CHELTENHAM 3192
5515,18 Bricker Street CHELTENHAM 3192
5516,16 B Bricker Street CHELTENHAM 3192
5517,162 Cochranes Road MOORABBIN 3189
5195,4 Williamson Road MARIBYNONG 3032
6599,1/25-35 Cranbourne Road NARRE WARREN 3805
4579,644 Princes Highway BAIRNSDALE 3875
4580,644 Princes Highway BAIRNSDALE 3875
859,451 Heidelberg Road. FAIRFIELD 3078
1774,F1/36 Enterprise Avenue BERWICK 3806
1773,Fact 5/14 Clyde Road BERWICK 3806
6498,Fact 3/112 Salmon Street PORT MELBOURNE 3205
6499,380 Plummer Street PORT MELBOURNE 3207
1498,91 Woods Street DONALD EAST 3480
6610,79-81 Bridge Street West BENALLA 3672
5720,257 Tooronga Road GLEN IRIS 3146
7064,436 - 438 San Mateo Ave MILDURA 3500
1647,30 Kookaburra Street FRANKSTON 3199
7047,1/38 Watt Road MORNINGTON 3931
7047,1/36 Watt Road MORNINGTON 3931
3728,16 Fulton Street OAKLEIGH SOUTH 3167
3729,26C Commercial Drive DANDENONG 3175
2071,219 Sealake Road SWAN HILL 3585
2018,261-265 Ballarat Road BRAYBROOK 3019
5894,"Unit 2, 538 Mountain Highway BAYSWATER 3153"
2017,71 Lonsdale Street DANDENONG 3175
5921,462 Whitehorse Road MITCHAM 3132
5921,462 Whitehorse Road MITCHAM 3132
6307,480 High Street PRESTON 3072
6308,6 Dairy Drive COBURG NORTH 3058
7118,1830 Sydney Road CAMPBELLFIELD 3061
6621,208 Newlands Road COBURG NORTH 3058
4986,28 - 30 Johnston Street COLLINGWOOD 3066
6922,2/53 Temple Drive THOMASTOWN 3074
5164,1 Benalla Road SHEPPARTON 3630
5166,37-41 Clifton Street EUROA 3666
5167,1 Tarcombe Street EUROA 3666
5165,340 Midland Highway SHEPPARTON 3630
227,12 McFarlane Street HEYFIELD 3858
3615,391 Station Street THORNBURY 3071
4589,763 High Street THORNBURY 3071
3718,600 High Street THORNBURY 3071
5586,47-49 Westwood Drive DEER PARK 3023
6847,5 Naomi Street SHEPPARTON 3630
4550,4 Williamson Rd MARIBYNONG 3032
6459,13 Fordson Road CAMPBELLFIELD 3061
7117,1/3 Franklin Court FRANKSTON 3199
1504,22 Fern St PORTLAND 3305
782,55 Bailey Street TIMBOON 3268
6595,1880 Hume Highway CAMPBELLFIELD 3061
3716,27 Tinning Street BRUNSWICK 3056
3717,23 B Cameron Street BRUNSWICK 3056
1409,24 Moore Street BANNOCKBURN 3331
1410,32 Russell Street LETHBRIDGE 3332
6588,7200 Goulburn Valley Highway KIALLA 3631
6214,5 Cooke Terrace Wayville 5006
615,13-15 ENTERPRISE AVENUE BERWICK 3806
616,24 Centre Road HALLAM 3803
617,35 Marni Street DANDENONG SOUTH 3175
941,1A The Avenue SURREY HILLS 3127
942,8 Alexander Drive BURWOOD 3125
3339,3 Roberts Court DROUIN 3818
6570,105 Princes Highway TRARALGON 3844
6171,13 Carrick Drive TULLAMARINE 3043
5714,F1/ 49 Betula Avenue VERMONT 3133
5854,"Factory 3, 1644 Ferntree Gully Road KNOXFIELD 3180"
5793,95 Tooradin Station Road TOORADIN 3980
3051,148 Mason Street NEWPORT 3015
3052,1 / 110 Maddox Road WILLIAMSTOWN NORTH 3016
6694,900 Mt Dandenong Road MONTROSE 3765
1649,38 Wells Road SEAFORD 3198
1650,17 Hartnett Drive SEAFORD 3198
2445,5 London Drive BAYSWATER 3153
2587,122-126 Gipps Street ABBOTSFORD 3067
6547,1/36 Dairy Drive NORTH COBURG 3058
6548,38 Catherine Street COBURG NORTH 3058
4801,"Factory 54, 41 Norcal Road NUNAWADING 3131"
4802,"Factory 5, 187 - 201 Rooks Road VERMONT 3133"
6696,55 Spry Street COBURG NORTH 3058
6697,59 Spry Street COBURG NORTH 3058
6084,6 Meriton Place CLAYTON 3168
4393,228 Settlement Road THOMASTOWN 3074
4394,23 Spencer Street THOMASTOWN 3074
3823,149 Mickleham Road TULLAMARINE 3043
6262,53 Vella Drive SUNSHINE WEST 3020
1981,495 Hammond Road DANDENONG 3175
1982,495 Hammond Road DANDENONG 3175
6296,5 Industrial Park Drive LILYDALE 3140
6297,2 Industial Drive Park LILYDALE 3140
6392,2/5 Hogan Court PAKENHAM 3810
6393,4 / 7 Hogan Court PAKENHAM 3810
855,13 Aristoc Road GLEN WAVERLEY 3150
6992,32 Green Street THOMASTOWN 3074
1672,2 Patrick Court SEAFORD 3198
1626,25-29 Westgate Drive ALTONA NORTH 3025
1627,494 Grieve Parade ALTONA NORTH 3025
1625,277-289 Ingles Street PORT MELBOURNE 3207
5872,15 Trade Place COBURG NORTH 3058
1676,720 Geelong Rd BROOKLYN 3025
1677,"Unit 2,/27 Agosta Drive LAVERTON NORTH 3026"
2995,113-115 Airlie Bank Road East MORWELL 3840
2996,31-37 Alexanders Road MORWELL 3840
6218,17 Gatwick Road BAYSWATER 3153
6235,Factory 14/69 Acacia Rd FERNTREE GULLY 3156
1065,67 High Street HEATHCOTE 3523
3334,19 McMahon Street TRARALGON 3844
6083,19 McMahon Street TRARALGON 3844
3335,21 McMahon Street TRARALGON 3844
7059,207 Princes Highway TRARALGON 3844
6011,319 Princes Highway TRARALGON 3844
7227,28 Sir Lawrence Drive SEAFORD 3198
5948,417 Swift Street ALBURY 2640
5949,1 / 321 Kiewa Street ALBURY 2640
2140,3 Strong Street GEELONG SOUTH 3220
504,235 Manifold Street CAMPERDOWN 3260
1438,33 Grayling Street BELMONT 3216
6469,536 North Road ORMOND 3204
787,86 Beach Road SANDRINGHAM 3191
6592,10 Northland Drive SALE 3850
3239,56 Clarendon Street SOUTH MELBOURNE 3205
3240,69 Whiteman Street SOUTHBANK 3006
215,3459 Whittlesea - Yea Road FLOWERDALE 3717
214,270 Hume Highway SOMERTON 3062
788,313 Reserve Road CHELTENHAM 3192
2438,6 Dunlop Court BAYSWATER 3153
2439,"Factory 1, 21 Jersey Road BAYSWATER 3153"
6411,6 Waterson Court GOLDEN SQUARE 3555
6323,Factory 2 / 500 Clayton Road CLAYTON SOUTH 3169
6324,62 Henderson Road CLAYTON 3168
6325,23 Winterton Road CLAYTON 3168
1417,28 Parer Road AIRPORT WEST 3042
5047,32 Barr Street TUNGAMAH 3728
5047,32 Barr Street TUNGAMAH 3728
5641,64 Lenne Road ARDMONA 3629
3331,303 York Street SALE 3850
3329,278 Commercial Road YARRAM 3971
3330,73 Argyle Street TRARALGON 3844
5753,1280 Hume Highway KALKALLO 3064
5753,7 Somerton Road CAMPBELLFIELD 3061
5753,1280 Hume Highway KALKALLO 3064
6491,Unit 6 / 2 Kendall Street WODONGA 3690
6748,255 McKoy Street West Wodonga 3691
6285,65 Wheeler Road MARYKNOLL 3812
7109,145 McIntyre Road SUNSHINE NORTH 3020
6288,2/38  Klauer Street SEAFORD 3198
4917,8 Bruce Street MORNINGTON 3931
6164,2 Point Nepean Road ROSEBUD 3939
2249,1-3 Watson Street WODONGA 3690
6336,"Factory 5, 8 -12 Lieber Grove CARRUM DOWNS 3201"
4920,201 Mornington Tyabb Rd. MORNINGTON 3931
4730,201 Mornington Tyabb Road MORNINGTON 3931
2239,20 Windsor Road CROYDON 3136
6094,152 Maroondah Hwy CROYDON 3136
2317,161 Canterbury Road KILSYTH 3137
4030,Fact. 25/68 Popes Road KEYSBOROUGH 3173
4031,70 Popes Road KEYSBOROUGH 3173
5435,9 Dennis Street CAMPBELLFIELD 3061
5802,20B Rooks Road NUNAWADING 3131
5803,2 Trade Place VERMONT 3133
6663,1303 Malvern Road MALVERN 3144
4239,1 /1 Commercial Drive THOMASTOWN 3073
6395,77 - 79 Pakington Street GEELONG WEST 3218
6565,Unit 4/101 - 103 Matthews Ave AIRPORT WEST 3042
7018,86 Millers Road ALTONA NORTH 3025
3814,F2 / 28 Manningham Road West BULLEEN WEST 3105
7083,1730 Hume Highway CAMPBELLFIELD 3061
5787,1362 Centre Road CLAYTON 3168
5557,495 Glenhuntly Road ELSTERNWICK 3185
3456,107 Keilor Road ESSENDON 3040
4600,9 Mayston Street HAWTHORN EAST 3123
5558,269 High Street PRAHAN 3181
6916,940 Stud Road ROWVILLE 3178
7019,495B Ballarat Road SUNSHINE 3020
4613,1/222 Settlement Road THOMASTOWN 3074
5955,1/197 - 199 Melbourne Road WODONGA 3690
7094,341 Reserve Road CHELTENHAM 3192
5784,870 Burwood Highway FERNTREE GULLY 3156
6682,1352 North Road HUNTINGDALE 3167
6682,1352 North Road HUNTINGDALE 3167
6683,290 Waverley Road MALVERN EAST 3145
6683,290 Waverley Road MALVERN EAST 3145
6334,1313 North Road HUNTINGDALE 3166
6693,235 Dundas Street PRESTON 3072
5699,2 / 324 South Gippsland Hwy. DANDENONG SOUTH 3175
3161,408 Swan Street RICHMOND 3121
6691,13 Mary Court EPPING 3076
1586,9-13 Main Street DERRINALLUM 3325
5434,"Unit 9, 7-9 Glenbarry Road CAMPBELLFIELD 3061"
3310,13 Pascoe  Avenue STRATHMORE 3041
4421,153 Micklenham Road TULLAMARINE 3043
4422,2 Freight Road TULLAMARINE 3043
3990,96A  Killara Road CAMPBELLFIELD 3061
3570,53 Chickerell Street MORWELL 3840
3927,16 Saskia Way MORWELL 3840
3919,Cnr Princes Drive & Tramway Road MORWELL 3840
3923,55 Princes Highway TRARALGON 3844
3921,191 Commercial Road YARRAM 3971
3926,9 Coonoc Road TRARALGON 3844
3922,37 Queen Street WARRAGUL 3820
3924,Cnr. Tramway Road & Saskia Way MORWELL 3840
5864,177 Princes Highway TRARALGON 3844
1207,45a Cooper Street CAMPBELLFIELD 3061
2150,87 Whitehall Street FOOTSCRAY 3011
3500,69 Buckley St FOOTSCRAY 3011
3501,73 Victoria Street FOOTSCRAY 3011
1251,139 Westall Road CLAYTON SOUTH 3169
1250,1 /17 Libbett Avenue CLAYTON SOUTH 3169
6049,940 Sydney Road COBURG 3058
737,58 A Gipp Street COLLINGWOOD 3066
1840,1252 Heatherton Road NOBLE PARK 3174
6358,2/6 Shepherd Crt GEELONG NORTH 3215
1313,80 Virginia Street SPRINGVALE 3171
1666,1-53 Quantum Close DANDENONG SOUTH 3175
5593,1-53 Quantum Close DANDENONG SOUTH 3175
5633,405 Blackshaws Road ALTONA NORTH 3025
7127,160 High Street PRESTON 3072
7127,160 High Street PRESTON 3072
2770,76 Atkinson Street OAKLEIGH 3166
6736,17-19 Walhalla Dve RINGWOOD EAST 3134
1661,840 Plenty Road SOUTH MORANG 3752
1662,63 Duffy Street EPPING 3076
5145,Lot 14 Alexanders Road MORWELL 3840
5146,28 Centre Road MORWELL 3840
6022,37 Kolora Road WEST HEIDELBERG 3081
5335,397 Burwood Highway VERMONT SOUTH 3133
5336,219 Burwood Highway BURWOOD EAST 3151
5017,24 Govan Street SEAFORD 3198
1485,243 Macauly Rd MELBOURNE NORTH 3051
892,Schickerling Street WARRACKNABEAL 3393
4670,194-196 Glenroy Road GLENROY 3046
4671,91 Widford Street GLENROY 3046
4669,847 Pascoevale Road GLENROY 3046
603,67 Johnston Street FITZROY 3065
2,60 Denmark Street KEW 3101
5992,653 Spencer Street WEST MELBOURNE 3003
5303,F3- 17/19 Somerton Park Drive CAMPBELLFIELD 3061
5304,7 Somerton Road CAMPBELLFIELD 3061
5304,130 Freight Drive SOMERTON 3062
5304,7 Somerton Road SOMERTON 3062
5304,7 Somerton Road CAMPBELLFIELD 3061
1631,F9 /85 Bardia Avenue SEAFORD 3198
4494,80 Glen Eira Road ELSTERNWICK 3185
3415,1 Crown Street FOOTSCRAY 3011
5898,2 Cowslip Street VIOLET TOWN 3669
6277,17 - 19 York Street SOUTH MELBOURNE 3205
6953,13 Imperial Avenue SUNSHINE NORTH 3020
5053,1/ 13 Sussex Court Sunbury 3429
2497,2 Cobden Road SIMPSON 3266
6241,28 Walmer Ave ST ALBANS 3021
578,"16 - 18, High Street PYALONG 3521"
6833,"1b, Beatrice Avenue HEIDELBERG WEST 3081"
2880,16 Thornton Crescent MITCHAM 3132
7121,26 - 28 Vernon Avenue HEIDELBERG WEST 3081
3674,"36, Salisbury Street, ORBOST 3888"
6337,441 Hammond Road DANDENONG 3175
552,11 Ivanhoe Court THOMASTOWN 3074
4541,5 Gallop Street COLAC 3249
3868,609 King Street MELBOURNE WEST 3003
726,777 Raglan Parade WARRNAMBOOL 3280
5463,8 Richards Street MITCHAM 3132
2997,152 Weatherall Road BEAUMARIS 3193
2998,380 Reserve Road CHELTENHAM 3192
6708,1/32 Amcor Way CAMPBELLFIELD 3061
4674,130 - 132 High Street WALLAN 3756
2384,247 Bulleen road BULLEEN 3105
2385,40 Greenway Street BULLEEN 3105
6879,111 Whitehall Street YARRAVILLE 3013
6880,111 Whitehall Street YARRAVILLE 3013
2139,70 High Street CHARLTON 3525
3647,389 Warburton Highway WANDIN 3139
40,15 Reid street WANGARATTA 3677
41,53-61 Tone Road WANGARATTA 3677
42,53-61 Tone Road WANGARATTA 3677
43,29-43 Tone Road WANGARATTA 3677
4145,2 Newman Street WANGARATTA 3677
1609,1 Warrick Street ASCOT VALE 3032
1259,163 Lloyd Street DIMBOOLA 3414
6924,118 North Road WARRAGUL 3820
6925,118 North Road WARRAGUL 3820
3925,11 Pearse Street WARRAGUL 3820
6729,11 Pearse Street WARRAGUL 3820
4637,7 Endeavour Street WARRAGUL 3820
4638,102 Lampard Road DROUIN 3818
5724,4-6 Howitt Street WARRAGUL 3820
213,649 Coragulac-Beeac Road WARRION 3249
6876,174 Raglan Parade WARRNAMBOOL 3280
6112,1101-1107 Raglan Parade WARRNAMBOOL 3280
7236,1075 Raglan Pde WARRANAMBOOL 3280
5722,8 Burke Road ARARAT 3377
6211,413 Grimshaw Street BUNDOORA 3083
6351,24 Watt Road MORNINGTON 3931
1603,579 Springvale Road GLEN WAVERLEY 3150
3961,577 Blackburn Road NOTTING HILL 3168
6174,350 Springvale Road GLEN WAVERLEY 3150
6893,7a Aristoc Road GLEN WAVERLEY 3150
5737,7a Aristoc Road GLEN WAVERLEY 3150
1822,25 Crows Road BELMONT 3216
2274,19 Mint Street WODONGA 3690
5794,"Factory 2, 49 Scoresby Road BAYSWATER 3153"
5795,38 Malvern Street BAYSWATER 3153
5339,5 Hempel Street WODONGA 3690
5338,1 Bradford Street WODONGA 3690
6406,109 Wellington Street COLLINGWOOD 3066
3907,1 PEARSON STREET MORNINGTON 3931
3908,Fact 1/121 Tyabb Road MORNINGTON 3931
3909,5 Progress Street MORNINGTON 3931
4097,33 Mc Intosh St AIRPORT WEST 3042
4096,Fac3 /16-18 Marshal Road AIRPORT WEST 3042
6719,306 Dowling Street WENDOUREE 3355
2982,163 Old Geelong Road HOPPERS CROSSING 3029
7067,99 - 101 Railway Ave WERRIBEE 3030
2981,29-33 Synnot Street WERRIBEE 3030
2979,29-33 Synnot Street WERRIBEE 3030
2980,37 - 43 Cherry Street WERRIBEE 3030
3170,22 Morris Road HOPPERS CROSSING 3029
3172,22 Morris Rd HOPPERS CROSSING 3029
1145,41 CHERRY ST WERRIBEE 3030
1146,28 Heaths Road HOPPERS CROSSING 3029
3167,17 -25 HEATHS RD HOPPERS CROSSING 3029
3169,14 - 26 Heaths Road HOPPERS CROSSING 3029
5742,F5 / 61 Russell Street WERRIBEE 3030
6361,8-12 Heaths Road HOPPERS CROSSING 3029
6362,9-11 Industrial Avenue HOPPERS CROSSING 3029
5939,87 Rooneys Rd WARRNAMBOOL 3280
3812,F2/ 40 Kylta Road HEIDELBERG WEST 3081
3813,34 Lillimur Ave. HEIDELBERG WEST 3081
645,1 Australis Drv. DERRIMUT 3030
644,2074 Hume Highway CAMPBELLFIELD 3061
640,150 Whitehall Street FOOTSCRAY 3011
120,1 - 13 Hughes Street LEONGATHA 3953
121,1 - 5 Hughes Street LEONGATHA 3953
1000,213 Marine Parade HASTINGS 3915
1163,4 Lacy Street BRAYBROOK 3019
6926,73 - 79 Old Geelong Road HOPPERS CROSSING 3029
4838,19 Munro Avenue SUNSHINE NORTH 3020
7247,Unit 4/6 Sara Grove TOTTENHAM 3012
6050,276 Blackshaws Road ALTONA NORTH 3025
6875,1 Eucumbene Drive RAVENHALL 3023
3219,192 Roberts Road AIRPORT WEST 3042
3220,192 Roberts Road AIRPORT WEST 3042
6874,5 Eucumbene Drive RAVENHALL 3023
6350,4/64-66 Rebecca Drive RAVENHALL 3023
6971,1 Kororoit Creek Road ALTONA NORTH 3025
4182,1-3 Ponting Street WILLIAMSTOWN 3016
3315,69 Rosamond Road MAIDSTONE 3012
3878,166 Marine Parade HASTINGS 3915
3879,166 Marine Parade HASTINGS 3915
3880,166 Marine Parade HASTINGS 3915
5801,2085 Frankston Flinders Road HASTINGS 3915
5625,2041 Frankston - Flinders Road HASTINGS 3915
3821,276 Blackshaws Rd ALTONA NORTH 3025
5376,30 Berkshire Road SUNSHINE NORTH 3020
6684,36 Fawkner Street WESTMEADOWS 3049
3073,22 MORRIS ROAD HOPPERS CROSSING 3029
3074,42 - 56  Heaths Road HOPPERS CROSSING 3029
3075,758 Princes Highway LAVERTON NORTH 3026
3076,Factory 6 / 21-23 Graham Street HOPPERS CROSSING 3029
3333,540 Main Street BAIRNSDALE 3875
2123,14-16 Carrington Dve SUNSHINE 3020
5858,2-6 Heaths Road HOPPERS CROSSING 3029
4639,2911 Healesville-Kinglake Road KINGLAKE 3763
6634,7 / 1 Vesper Drive NARRE WARREN 3805
5862,67-75 Princes Highway DANDENONG SOUTH 3175
5863,Cnr. Tramway & Swan Roads MORWELL 3840
6649,4885 Main Street WHITFIELD 3733
6957,34 Laurel Street WHITTLESEA 3757
2060,1065 Raglan Parade WARRNAMBOOL 3280
4582,32-42 Spencer Street SUNSHINE 3020
4583,17-55 Nantilla Road CLAYTON 3168
5758,41 Rae Street COLAC 3250
3079,1/17 Harrison Court MELTON 3337
3077,2 Coburns Road MELTON SOUTH 3338
85,163 Johnson Street MAFFRA 3860
3078,F2&3 / 21 Melton Valley Drive MELTON 3337
51,47-49 Pynsent Street HORSHAM 3400
52,18-20  Pynsent Street HORSHAM 3400
53,22 O`Callaghan`s Parade HORSHAM 3400
6181,118 Maddox Road WILLIAMSTOWN 3016
5284,26 Wiltshire Lane DELACOMBE 3356
1039,11 Clark Street HORSHAM 3400
5069,6 Alsop Drive WINCHELSEA 3241
3188,742 Plenty Road PRESTON 3072
3189,129-131 Market St SOUTH MELBOURNE 3205
3190,10 Gladstone Place SOUTH MELBOURNE 3205
1198,10 School Road CORIO 3214
1196,20 Hicks Street LARA 3212
1194,85-101 Mercer Street GEELONG 3220
1197,23 Cavendish Strret GEELONG 3214
1195,325 Thompson Road GEELONG NORTH 3215
5448,62 Main Road GUNBOWER 3566
2909,FACT 2/67B THOMAS MITCHELL DVE WODONGA 3690
2910,5 Sanyo Drive WODONGA 3690
7032,133 Chapple Street WODONGA 3690
1796,2 Murray Street WONTHAGGI 3995
1795,346 Bass Highway WONTHAGGI 3995
4232,Lot 5 Inverloch Road WONTHAGGI 3995
4233,34 Inverloch Road WONTHAGGI 3995
4234,34 Inverloch Road WONTHAGGI 3995
5451,77 Sydney Parade GEELONG 3220
2921,295  Old Warburton Highway WOORI YALLOCK 3139
4264,52 Carlisle Street WUNGHNU 3635
5833,Lot 1 Princes Highway WURRUK 3850
6640,3 Turntable Lane YACKANDANDAH 3749
6959,2 Reserve Street YALLOURN NORTH 3825
1712,18 Victoria Road HAWTHORN  EAST 3123
1713,27 - 29 Nicholson Street ABBOTSFORD 3067
2226,174  Whitehorse Road BLACKBURN 3130
2227,16 Alfred Street BLACKBURN 3130
1600,53 Hoddle Street (Cnr Langridge St) COLLINGWOOD 3066
1599,400 Johnston Street ABBOTSFORD 3067
6018,2386 Warburton Highway YARRA JUNCTION 3797
6898,30 - 34 John Street LILYDALE 3140
1349,35 Maroondah Highway HEALESVILLE 3777
7063,105 Beresford Road LILYDALE 3140
1071,25 Hewish Road CROYDON 3136
1070,454 Maroondah Highway LILYDALE 3140
1072,33 Hewish Road CROYDON 3136
5122,2420 Warburton Highway YARRA JUNCTION 3797
6066,102 High Street YEA 3717
2840,7/19-25 Grange Road CHELTENHAM 3192
2841,7 Libbit Ave CLAYTON SOUTH 3168
5805,13-17 Heatherton Road ENDEAVOUR HILLS 3802
4298,16 Hammond Road DANDENONG 3175
5034,16 Flockhart Street ABBOTSFORD 3067
5035,577 King Street MELBOURNE WEST 3003
5042,362 Swan Street RICHMOND 3121
5036,430 Swan Street RICHMOND 3121
5033,116 Cremorne Street RICHMOND 3121
5032,477 Church Street RICHMOND 3121
4278,25 Market Rd SUNSHINE 3020
4426,54 - 58 Harcourt Street MELBOURNE NORTH 3051
